sample_id	N_sites	mean_depth	chromosome
LIN_family1_F_female	128779348	38.0765	lin_1
LIN_family1_M_male	128779524	48.4821	lin_1
LIN_family1_S1_offspring	128779072	40.8729	lin_1
LIN_family1_S2_offspring	128779307	35.0078	lin_1
LIN_family1_S3_offspring	128779474	33.7468	lin_1
LIN_family1_S4_offspring	128779015	29.5443	lin_1
LIN_family1_S5_offspring	128779354	34.4825	lin_1
LIN_family1_S6_offspring	128779117	31.0328	lin_1
LIN_family2_F_female	128778926	29.2726	lin_1
LIN_family2_M_male	128779341	32.9804	lin_1
LIN_family2_S1_offspring	128778880	33.5538	lin_1
LIN_family2_S2_offspring	128779239	29.2667	lin_1
LIN_family2_S3_offspring	128779228	33.3923	lin_1
LIN_family2_S4_offspring	128779288	33.6276	lin_1
LIN_family2_S5_offspring	128779053	32.6294	lin_1
LIN_family2_S6_offspring	128778813	29.8763	lin_1
LIN_family3_F_female	128779391	32.0814	lin_1
LIN_family3_M_male	128779129	32.3209	lin_1
LIN_family3_S1_offspring	128779232	23.2738	lin_1
LIN_family3_S2_offspring	128779365	27.3694	lin_1
LIN_family3_S3_offspring	128779482	31.1548	lin_1
LIN_family3_S4_offspring	128779360	27.2276	lin_1
LIN_family3_S5_offspring	128779278	28.9482	lin_1
LIN_family3_S6_offspring	128779302	25.803	lin_1
LIN_family4_F_female	128779296	31.0726	lin_1
LIN_family4_M_male	128779123	32.0341	lin_1
LIN_family4_S1_offspring	128779352	29.6714	lin_1
LIN_family4_S2_offspring	128779339	32.7398	lin_1
LIN_family4_S3_offspring	128779041	31.9851	lin_1
LIN_family4_S4_offspring	128779419	31.3357	lin_1
LIN_family4_S5_offspring	128779085	27.6531	lin_1
LIN_family4_S6_offspring	128779340	31.04	lin_1
LIN_family1_F_female	109165453	38.6772	lin_2
LIN_family1_M_male	109165426	48.2911	lin_2
LIN_family1_S1_offspring	109165316	41.9644	lin_2
LIN_family1_S2_offspring	109165240	34.7898	lin_2
LIN_family1_S3_offspring	109165387	33.6098	lin_2
LIN_family1_S4_offspring	109165166	30.4595	lin_2
LIN_family1_S5_offspring	109165391	34.6288	lin_2
LIN_family1_S6_offspring	109165276	31.8643	lin_2
LIN_family2_F_female	109165781	32.0152	lin_2
LIN_family2_M_male	109165542	33.6077	lin_2
LIN_family2_S1_offspring	109165742	36.2198	lin_2
LIN_family2_S2_offspring	109165132	29.6069	lin_2
LIN_family2_S3_offspring	109165811	35.4395	lin_2
LIN_family2_S4_offspring	109165551	35.6559	lin_2
LIN_family2_S5_offspring	109165743	35.5795	lin_2
LIN_family2_S6_offspring	109165736	32.4575	lin_2
LIN_family3_F_female	109165336	31.7451	lin_2
LIN_family3_M_male	109165479	33.6769	lin_2
LIN_family3_S1_offspring	109165377	23.7247	lin_2
LIN_family3_S2_offspring	109165343	27.3157	lin_2
LIN_family3_S3_offspring	109165388	31.1272	lin_2
LIN_family3_S4_offspring	109165285	26.6906	lin_2
LIN_family3_S5_offspring	109165250	28.4874	lin_2
LIN_family3_S6_offspring	109165246	25.6908	lin_2
LIN_family4_F_female	109165173	31.2611	lin_2
LIN_family4_M_male	109165398	32.9716	lin_2
LIN_family4_S1_offspring	109165411	29.9111	lin_2
LIN_family4_S2_offspring	109165300	33.2664	lin_2
LIN_family4_S3_offspring	109165397	32.6038	lin_2
LIN_family4_S4_offspring	109165283	31.7184	lin_2
LIN_family4_S5_offspring	109165311	28.251	lin_2
LIN_family4_S6_offspring	109165474	31.7573	lin_2
LIN_family1_F_female	118052968	38.2647	lin_3
LIN_family1_M_male	118052463	46.6642	lin_3
LIN_family1_S1_offspring	118052975	42.924	lin_3
LIN_family1_S2_offspring	118052504	34.3559	lin_3
LIN_family1_S3_offspring	118052863	32.8759	lin_3
LIN_family1_S4_offspring	118052668	30.4213	lin_3
LIN_family1_S5_offspring	118052276	32.454	lin_3
LIN_family1_S6_offspring	118052945	32.0017	lin_3
LIN_family2_F_female	118053011	30.3438	lin_3
LIN_family2_M_male	118052633	32.0432	lin_3
LIN_family2_S1_offspring	118052478	32.6628	lin_3
LIN_family2_S2_offspring	118052634	28.7713	lin_3
LIN_family2_S3_offspring	118052558	32.4095	lin_3
LIN_family2_S4_offspring	118052720	33.3585	lin_3
LIN_family2_S5_offspring	118052920	33.6285	lin_3
LIN_family2_S6_offspring	118052364	29.4393	lin_3
LIN_family3_F_female	118052945	31.3398	lin_3
LIN_family3_M_male	118052310	31.9437	lin_3
LIN_family3_S1_offspring	118052283	22.253	lin_3
LIN_family3_S2_offspring	118052460	26.2736	lin_3
LIN_family3_S3_offspring	118052673	30.2958	lin_3
LIN_family3_S4_offspring	118052730	26.8213	lin_3
LIN_family3_S5_offspring	118052389	27.6012	lin_3
LIN_family3_S6_offspring	118052895	25.7744	lin_3
LIN_family4_F_female	118052273	29.9652	lin_3
LIN_family4_M_male	118052341	31.2102	lin_3
LIN_family4_S1_offspring	118052351	28.3745	lin_3
LIN_family4_S2_offspring	118052416	31.2189	lin_3
LIN_family4_S3_offspring	118052430	30.9874	lin_3
LIN_family4_S4_offspring	118052427	30.2715	lin_3
LIN_family4_S5_offspring	118052341	26.8843	lin_3
LIN_family4_S6_offspring	118052393	30.0366	lin_3
LIN_family1_F_female	113695714	37.4929	lin_4
LIN_family1_M_male	113695512	45.5323	lin_4
LIN_family1_S1_offspring	113695478	39.9281	lin_4
LIN_family1_S2_offspring	113695548	33.5586	lin_4
LIN_family1_S3_offspring	113695634	32.2053	lin_4
LIN_family1_S4_offspring	113695542	29.6223	lin_4
LIN_family1_S5_offspring	113695658	33.2561	lin_4
LIN_family1_S6_offspring	113695347	30.4196	lin_4
LIN_family2_F_female	113695509	29.4212	lin_4
LIN_family2_M_male	113695467	31.4107	lin_4
LIN_family2_S1_offspring	113695429	32.6423	lin_4
LIN_family2_S2_offspring	113695374	28.0174	lin_4
LIN_family2_S3_offspring	113695359	31.8209	lin_4
LIN_family2_S4_offspring	113695427	32.0348	lin_4
LIN_family2_S5_offspring	113695361	31.942	lin_4
LIN_family2_S6_offspring	113695357	29.2313	lin_4
LIN_family3_F_female	113695716	31.043	lin_4
LIN_family3_M_male	113695470	31.5318	lin_4
LIN_family3_S1_offspring	113695375	22.3109	lin_4
LIN_family3_S2_offspring	113695464	25.637	lin_4
LIN_family3_S3_offspring	113695590	29.5024	lin_4
LIN_family3_S4_offspring	113695260	25.0517	lin_4
LIN_family3_S5_offspring	113695727	27.9788	lin_4
LIN_family3_S6_offspring	113695668	25.1701	lin_4
LIN_family4_F_female	113695315	29.5358	lin_4
LIN_family4_M_male	113695720	32.2755	lin_4
LIN_family4_S1_offspring	113695363	28.57	lin_4
LIN_family4_S2_offspring	113695478	31.5901	lin_4
LIN_family4_S3_offspring	113695763	31.9672	lin_4
LIN_family4_S4_offspring	113695312	30.0698	lin_4
LIN_family4_S5_offspring	113695645	27.4735	lin_4
LIN_family4_S6_offspring	113695721	31.1809	lin_4
LIN_family1_F_female	134173179	39.4113	lin_5
LIN_family1_M_male	134172807	46.0613	lin_5
LIN_family1_S1_offspring	134172747	41.318	lin_5
LIN_family1_S2_offspring	134172629	33.2474	lin_5
LIN_family1_S3_offspring	134173163	33.0161	lin_5
LIN_family1_S4_offspring	134172473	29.8258	lin_5
LIN_family1_S5_offspring	134172611	32.2365	lin_5
LIN_family1_S6_offspring	134173210	32.8894	lin_5
LIN_family2_F_female	134173048	30.9804	lin_5
LIN_family2_M_male	134172670	31.612	lin_5
LIN_family2_S1_offspring	134173023	34.1898	lin_5
LIN_family2_S2_offspring	134172942	30.1458	lin_5
LIN_family2_S3_offspring	134172937	33.0633	lin_5
LIN_family2_S4_offspring	134173047	33.6745	lin_5
LIN_family2_S5_offspring	134173001	33.605	lin_5
LIN_family2_S6_offspring	134172735	30.2513	lin_5
LIN_family3_F_female	134173296	32.909	lin_5
LIN_family3_M_male	134172749	31.7827	lin_5
LIN_family3_S1_offspring	134173291	24.2505	lin_5
LIN_family3_S2_offspring	134172787	26.5895	lin_5
LIN_family3_S3_offspring	134173201	31.6656	lin_5
LIN_family3_S4_offspring	134172877	27.3245	lin_5
LIN_family3_S5_offspring	134172745	27.8868	lin_5
LIN_family3_S6_offspring	134172578	25.0466	lin_5
LIN_family4_F_female	134172638	30.6564	lin_5
LIN_family4_M_male	134172702	31.4273	lin_5
LIN_family4_S1_offspring	134172516	29.3552	lin_5
LIN_family4_S2_offspring	134172711	31.588	lin_5
LIN_family4_S3_offspring	134172774	30.996	lin_5
LIN_family4_S4_offspring	134172694	30.1606	lin_5
LIN_family4_S5_offspring	134172558	26.9794	lin_5
LIN_family4_S6_offspring	134172765	29.9942	lin_5
LIN_family1_F_female	108477954	37.0204	lin_6
LIN_family1_M_male	108478166	47.722	lin_6
LIN_family1_S1_offspring	108478139	41.4912	lin_6
LIN_family1_S2_offspring	108477976	33.9386	lin_6
LIN_family1_S3_offspring	108477954	32.1086	lin_6
LIN_family1_S4_offspring	108478042	29.8733	lin_6
LIN_family1_S5_offspring	108477870	32.9131	lin_6
LIN_family1_S6_offspring	108478095	31.3505	lin_6
LIN_family2_F_female	108478481	30.8108	lin_6
LIN_family2_M_male	108478096	32.3424	lin_6
LIN_family2_S1_offspring	108477896	32.8797	lin_6
LIN_family2_S2_offspring	108477771	28.517	lin_6
LIN_family2_S3_offspring	108478069	32.7831	lin_6
LIN_family2_S4_offspring	108477897	32.6868	lin_6
LIN_family2_S5_offspring	108478458	34.5075	lin_6
LIN_family2_S6_offspring	108477960	29.7728	lin_6
LIN_family3_F_female	108477881	30.6535	lin_6
LIN_family3_M_male	108478062	32.372	lin_6
LIN_family3_S1_offspring	108478027	22.7143	lin_6
LIN_family3_S2_offspring	108478056	26.3403	lin_6
LIN_family3_S3_offspring	108478140	30.1797	lin_6
LIN_family3_S4_offspring	108477881	25.6941	lin_6
LIN_family3_S5_offspring	108478006	27.5211	lin_6
LIN_family3_S6_offspring	108478004	24.8867	lin_6
LIN_family4_F_female	108478049	30.7501	lin_6
LIN_family4_M_male	108478061	32.4298	lin_6
LIN_family4_S1_offspring	108478143	29.6741	lin_6
LIN_family4_S2_offspring	108478126	32.6113	lin_6
LIN_family4_S3_offspring	108478203	32.128	lin_6
LIN_family4_S4_offspring	108478134	30.8152	lin_6
LIN_family4_S5_offspring	108478048	27.6721	lin_6
LIN_family4_S6_offspring	108478049	30.7635	lin_6
LIN_family1_F_female	168854740	30.8024	lin_7
LIN_family1_M_male	168854269	37.1229	lin_7
LIN_family1_S1_offspring	168854676	34.359	lin_7
LIN_family1_S2_offspring	168854531	27.8778	lin_7
LIN_family1_S3_offspring	168854047	24.9493	lin_7
LIN_family1_S4_offspring	168854075	23.2964	lin_7
LIN_family1_S5_offspring	168854729	27.3128	lin_7
LIN_family1_S6_offspring	168854034	24.0271	lin_7
LIN_family2_F_female	168854259	23.2027	lin_7
LIN_family2_M_male	168854578	26.7092	lin_7
LIN_family2_S1_offspring	168854464	27.2718	lin_7
LIN_family2_S2_offspring	168854517	23.71	lin_7
LIN_family2_S3_offspring	168854572	27.2705	lin_7
LIN_family2_S4_offspring	168854163	25.9689	lin_7
LIN_family2_S5_offspring	168854228	26.0062	lin_7
LIN_family2_S6_offspring	168854055	23.4379	lin_7
LIN_family3_F_female	168854419	24.7857	lin_7
LIN_family3_M_male	168854325	25.6345	lin_7
LIN_family3_S1_offspring	168854175	17.9828	lin_7
LIN_family3_S2_offspring	168854372	21.2412	lin_7
LIN_family3_S3_offspring	168854332	23.9519	lin_7
LIN_family3_S4_offspring	168854355	20.8875	lin_7
LIN_family3_S5_offspring	168854345	22.3163	lin_7
LIN_family3_S6_offspring	168854368	20.0546	lin_7
LIN_family4_F_female	168854626	25.2974	lin_7
LIN_family4_M_male	168854733	27.0566	lin_7
LIN_family4_S1_offspring	168854198	23.0508	lin_7
LIN_family4_S2_offspring	168854595	27.012	lin_7
LIN_family4_S3_offspring	168854533	25.8379	lin_7
LIN_family4_S4_offspring	168854693	25.694	lin_7
LIN_family4_S5_offspring	168854663	23.2083	lin_7
LIN_family4_S6_offspring	168854699	25.4715	lin_7
LIN_family1_F_female	132303381	39.9361	lin_8
LIN_family1_M_male	132302877	47.6441	lin_8
LIN_family1_S1_offspring	132302630	41.2752	lin_8
LIN_family1_S2_offspring	132302776	34.8145	lin_8
LIN_family1_S3_offspring	132302433	32.1307	lin_8
LIN_family1_S4_offspring	132302713	30.2872	lin_8
LIN_family1_S5_offspring	132303121	35.2298	lin_8
LIN_family1_S6_offspring	132303262	33.2029	lin_8
LIN_family2_F_female	132303314	31.7111	lin_8
LIN_family2_M_male	132302935	33.6359	lin_8
LIN_family2_S1_offspring	132303292	36.4023	lin_8
LIN_family2_S2_offspring	132303238	30.9461	lin_8
LIN_family2_S3_offspring	132302897	33.8641	lin_8
LIN_family2_S4_offspring	132303124	35.276	lin_8
LIN_family2_S5_offspring	132302936	33.9947	lin_8
LIN_family2_S6_offspring	132302809	30.5489	lin_8
LIN_family3_F_female	132303221	32.6803	lin_8
LIN_family3_M_male	132302902	33.3268	lin_8
LIN_family3_S1_offspring	132303054	24.1584	lin_8
LIN_family3_S2_offspring	132302916	27.1556	lin_8
LIN_family3_S3_offspring	132303285	32.333	lin_8
LIN_family3_S4_offspring	132303175	28.4783	lin_8
LIN_family3_S5_offspring	132303248	30.3728	lin_8
LIN_family3_S6_offspring	132302996	25.8855	lin_8
LIN_family4_F_female	132302614	30.7471	lin_8
LIN_family4_M_male	132302702	32.4174	lin_8
LIN_family4_S1_offspring	132302742	29.5992	lin_8
LIN_family4_S2_offspring	132302786	32.7144	lin_8
LIN_family4_S3_offspring	132302693	32.1856	lin_8
LIN_family4_S4_offspring	132302627	31.351	lin_8
LIN_family4_S5_offspring	132302678	27.9513	lin_8
LIN_family4_S6_offspring	132302808	31.2455	lin_8
LIN_family1_F_female	105822795	36.9094	lin_9
LIN_family1_M_male	105822890	46.0404	lin_9
LIN_family1_S1_offspring	105822722	39.9749	lin_9
LIN_family1_S2_offspring	105822926	33.9274	lin_9
LIN_family1_S3_offspring	105822870	31.8871	lin_9
LIN_family1_S4_offspring	105822764	29.4851	lin_9
LIN_family1_S5_offspring	105822883	32.6106	lin_9
LIN_family1_S6_offspring	105822623	30.2333	lin_9
LIN_family2_F_female	105823469	31.6623	lin_9
LIN_family2_M_male	105822830	31.807	lin_9
LIN_family2_S1_offspring	105822902	33.8075	lin_9
LIN_family2_S2_offspring	105823293	30.0874	lin_9
LIN_family2_S3_offspring	105822870	32.626	lin_9
LIN_family2_S4_offspring	105823469	34.4665	lin_9
LIN_family2_S5_offspring	105822828	32.6723	lin_9
LIN_family2_S6_offspring	105822824	29.8897	lin_9
LIN_family3_F_female	105823468	32.5505	lin_9
LIN_family3_M_male	105822876	32.1226	lin_9
LIN_family3_S1_offspring	105823460	23.9778	lin_9
LIN_family3_S2_offspring	105823144	27.0736	lin_9
LIN_family3_S3_offspring	105823295	30.7897	lin_9
LIN_family3_S4_offspring	105822750	25.9328	lin_9
LIN_family3_S5_offspring	105823330	28.654	lin_9
LIN_family3_S6_offspring	105822893	24.9029	lin_9
LIN_family4_F_female	105822674	29.54	lin_9
LIN_family4_M_male	105822849	31.3664	lin_9
LIN_family4_S1_offspring	105822692	28.5368	lin_9
LIN_family4_S2_offspring	105822803	31.4558	lin_9
LIN_family4_S3_offspring	105822804	30.9018	lin_9
LIN_family4_S4_offspring	105822710	30.1254	lin_9
LIN_family4_S5_offspring	105822724	26.9166	lin_9
LIN_family4_S6_offspring	105822786	30.0242	lin_9
LIN_family1_F_female	82218941	40.2614	lin_10
LIN_family1_M_male	82218420	46.3581	lin_10
LIN_family1_S1_offspring	82218408	41.1347	lin_10
LIN_family1_S2_offspring	82218386	34.0003	lin_10
LIN_family1_S3_offspring	82218332	31.9081	lin_10
LIN_family1_S4_offspring	82218235	29.5426	lin_10
LIN_family1_S5_offspring	82218385	33.3886	lin_10
LIN_family1_S6_offspring	82218941	33.2193	lin_10
LIN_family2_F_female	82218944	31.3744	lin_10
LIN_family2_M_male	82218620	33.0505	lin_10
LIN_family2_S1_offspring	82218591	36.0241	lin_10
LIN_family2_S2_offspring	82218432	29.2599	lin_10
LIN_family2_S3_offspring	82218258	32.0524	lin_10
LIN_family2_S4_offspring	82218150	32.3127	lin_10
LIN_family2_S5_offspring	82218940	36.1097	lin_10
LIN_family2_S6_offspring	82218626	31.5157	lin_10
LIN_family3_F_female	82218939	32.8828	lin_10
LIN_family3_M_male	82218273	32.1082	lin_10
LIN_family3_S1_offspring	82218785	24.0012	lin_10
LIN_family3_S2_offspring	82218378	26.5127	lin_10
LIN_family3_S3_offspring	82218534	30.7059	lin_10
LIN_family3_S4_offspring	82218522	26.2472	lin_10
LIN_family3_S5_offspring	82218667	28.3393	lin_10
LIN_family3_S6_offspring	82218299	24.8211	lin_10
LIN_family4_F_female	82218129	29.7212	lin_10
LIN_family4_M_male	82218355	32.4746	lin_10
LIN_family4_S1_offspring	82218429	29.5881	lin_10
LIN_family4_S2_offspring	82218183	31.8461	lin_10
LIN_family4_S3_offspring	82218351	31.1827	lin_10
LIN_family4_S4_offspring	82218392	30.6975	lin_10
LIN_family4_S5_offspring	82218489	27.9467	lin_10
LIN_family4_S6_offspring	82218547	31.1459	lin_10
LIN_family1_F_female	91739500	35.5069	lin_11
LIN_family1_M_male	91739815	46.1042	lin_11
LIN_family1_S1_offspring	91739628	39.9296	lin_11
LIN_family1_S2_offspring	91739567	33.0923	lin_11
LIN_family1_S3_offspring	91739538	30.9374	lin_11
LIN_family1_S4_offspring	91739186	28.5773	lin_11
LIN_family1_S5_offspring	91739576	32.289	lin_11
LIN_family1_S6_offspring	91739558	30.3916	lin_11
LIN_family2_F_female	91739584	28.581	lin_11
LIN_family2_M_male	91739748	31.7842	lin_11
LIN_family2_S1_offspring	91739223	32.3722	lin_11
LIN_family2_S2_offspring	91739353	27.8274	lin_11
LIN_family2_S3_offspring	91739629	31.8985	lin_11
LIN_family2_S4_offspring	91739618	32.0446	lin_11
LIN_family2_S5_offspring	91739404	31.8571	lin_11
LIN_family2_S6_offspring	91739640	29.2138	lin_11
LIN_family3_F_female	91740068	30.8527	lin_11
LIN_family3_M_male	91739783	31.9318	lin_11
LIN_family3_S1_offspring	91740008	23.4631	lin_11
LIN_family3_S2_offspring	91739866	26.2104	lin_11
LIN_family3_S3_offspring	91739869	29.7624	lin_11
LIN_family3_S4_offspring	91740023	26.4425	lin_11
LIN_family3_S5_offspring	91739352	26.9035	lin_11
LIN_family3_S6_offspring	91739877	25.1285	lin_11
LIN_family4_F_female	91739597	29.4881	lin_11
LIN_family4_M_male	91739780	31.7855	lin_11
LIN_family4_S1_offspring	91739881	29.2154	lin_11
LIN_family4_S2_offspring	91739867	32.2971	lin_11
LIN_family4_S3_offspring	91739766	31.1631	lin_11
LIN_family4_S4_offspring	91739851	30.7098	lin_11
LIN_family4_S5_offspring	91739769	27.2467	lin_11
LIN_family4_S6_offspring	91739756	30.4067	lin_11
LIN_family1_F_female	137476847	33.5131	lin_12
LIN_family1_M_male	137477495	45.3526	lin_12
LIN_family1_S1_offspring	137477460	38.126	lin_12
LIN_family1_S2_offspring	137477237	31.6115	lin_12
LIN_family1_S3_offspring	137477199	29.7518	lin_12
LIN_family1_S4_offspring	137477167	27.2535	lin_12
LIN_family1_S5_offspring	137477249	30.5595	lin_12
LIN_family1_S6_offspring	137477307	28.8404	lin_12
LIN_family2_F_female	137476978	26.8809	lin_12
LIN_family2_M_male	137477047	29.6414	lin_12
LIN_family2_S1_offspring	137476817	30.3436	lin_12
LIN_family2_S2_offspring	137476637	26.0511	lin_12
LIN_family2_S3_offspring	137477022	29.7033	lin_12
LIN_family2_S4_offspring	137476861	30.0887	lin_12
LIN_family2_S5_offspring	137476848	29.6186	lin_12
LIN_family2_S6_offspring	137476836	27.6928	lin_12
LIN_family3_F_female	137476868	28.0228	lin_12
LIN_family3_M_male	137477392	30.6391	lin_12
LIN_family3_S1_offspring	137477376	21.3248	lin_12
LIN_family3_S2_offspring	137476934	24.1821	lin_12
LIN_family3_S3_offspring	137477505	28.2708	lin_12
LIN_family3_S4_offspring	137477177	23.8127	lin_12
LIN_family3_S5_offspring	137477305	25.6793	lin_12
LIN_family3_S6_offspring	137477098	23.1294	lin_12
LIN_family4_F_female	137477447	29.24	lin_12
LIN_family4_M_male	137477142	29.4302	lin_12
LIN_family4_S1_offspring	137477307	27.3418	lin_12
LIN_family4_S2_offspring	137477590	30.3436	lin_12
LIN_family4_S3_offspring	137477490	29.6074	lin_12
LIN_family4_S4_offspring	137477432	28.8009	lin_12
LIN_family4_S5_offspring	137477434	25.7296	lin_12
LIN_family4_S6_offspring	137477501	28.7116	lin_12
LIN_family1_F_female	118587664	36.1494	lin_13
LIN_family1_M_male	118587776	45.8664	lin_13
LIN_family1_S1_offspring	118587732	40.0475	lin_13
LIN_family1_S2_offspring	118587707	33.3417	lin_13
LIN_family1_S3_offspring	118587726	31.3496	lin_13
LIN_family1_S4_offspring	118587567	29.1153	lin_13
LIN_family1_S5_offspring	118587632	32.1854	lin_13
LIN_family1_S6_offspring	118587708	30.5428	lin_13
LIN_family2_F_female	118588322	30.7325	lin_13
LIN_family2_M_male	118587837	32.0191	lin_13
LIN_family2_S1_offspring	118587545	32.8405	lin_13
LIN_family2_S2_offspring	118587728	28.6162	lin_13
LIN_family2_S3_offspring	118587652	32.7363	lin_13
LIN_family2_S4_offspring	118588285	33.892	lin_13
LIN_family2_S5_offspring	118587659	32.3798	lin_13
LIN_family2_S6_offspring	118588187	30.7227	lin_13
LIN_family3_F_female	118587693	30.2568	lin_13
LIN_family3_M_male	118587835	31.8884	lin_13
LIN_family3_S1_offspring	118587662	22.6172	lin_13
LIN_family3_S2_offspring	118587794	26.2548	lin_13
LIN_family3_S3_offspring	118587737	29.7206	lin_13
LIN_family3_S4_offspring	118587521	25.261	lin_13
LIN_family3_S5_offspring	118587641	27.3765	lin_13
LIN_family3_S6_offspring	118587605	24.3444	lin_13
LIN_family4_F_female	118587679	29.6641	lin_13
LIN_family4_M_male	118587745	31.473	lin_13
LIN_family4_S1_offspring	118587637	28.7191	lin_13
LIN_family4_S2_offspring	118587807	31.8274	lin_13
LIN_family4_S3_offspring	118587835	31.2359	lin_13
LIN_family4_S4_offspring	118587859	30.5107	lin_13
LIN_family4_S5_offspring	118587809	27.0958	lin_13
LIN_family4_S6_offspring	118587805	30.2899	lin_13
LIN_family1_F_female	78175313	30.1295	lin_14
LIN_family1_M_male	78174768	34.9169	lin_14
LIN_family1_S1_offspring	78175184	32.9454	lin_14
LIN_family1_S2_offspring	78174684	25.3231	lin_14
LIN_family1_S3_offspring	78175313	26.113	lin_14
LIN_family1_S4_offspring	78174967	23.1615	lin_14
LIN_family1_S5_offspring	78175313	27.3761	lin_14
LIN_family1_S6_offspring	78175073	25.0768	lin_14
LIN_family2_F_female	78175253	24.4726	lin_14
LIN_family2_M_male	78174864	24.0182	lin_14
LIN_family2_S1_offspring	78174603	24.5395	lin_14
LIN_family2_S2_offspring	78175156	23.1649	lin_14
LIN_family2_S3_offspring	78174974	25.1687	lin_14
LIN_family2_S4_offspring	78175012	25.3061	lin_14
LIN_family2_S5_offspring	78175229	25.6956	lin_14
LIN_family2_S6_offspring	78175268	24.1982	lin_14
LIN_family3_F_female	78175298	24.337	lin_14
LIN_family3_M_male	78174524	23.7207	lin_14
LIN_family3_S1_offspring	78175143	18.0493	lin_14
LIN_family3_S2_offspring	78175214	21.1774	lin_14
LIN_family3_S3_offspring	78174833	22.4265	lin_14
LIN_family3_S4_offspring	78175169	20.3924	lin_14
LIN_family3_S5_offspring	78175114	21.8231	lin_14
LIN_family3_S6_offspring	78174981	18.8259	lin_14
LIN_family4_F_female	78174709	21.7895	lin_14
LIN_family4_M_male	78175304	26.4968	lin_14
LIN_family4_S1_offspring	78175343	24.207	lin_14
LIN_family4_S2_offspring	78175322	26.2284	lin_14
LIN_family4_S3_offspring	78175316	26.291	lin_14
LIN_family4_S4_offspring	78174687	22.8479	lin_14
LIN_family4_S5_offspring	78174730	21.0077	lin_14
LIN_family4_S6_offspring	78175141	25.3628	lin_14
LIN_family1_F_female	78667935	33.2332	lin_15
LIN_family1_M_male	78667746	40.5815	lin_15
LIN_family1_S1_offspring	78667650	35.5644	lin_15
LIN_family1_S2_offspring	78667599	29.2844	lin_15
LIN_family1_S3_offspring	78667892	28.9085	lin_15
LIN_family1_S4_offspring	78667547	25.4729	lin_15
LIN_family1_S5_offspring	78667575	28.766	lin_15
LIN_family1_S6_offspring	78667608	27.1123	lin_15
LIN_family2_F_female	78668300	28.2581	lin_15
LIN_family2_M_male	78667857	28.4555	lin_15
LIN_family2_S1_offspring	78668298	31.7581	lin_15
LIN_family2_S2_offspring	78668303	27.2441	lin_15
LIN_family2_S3_offspring	78667661	29.1044	lin_15
LIN_family2_S4_offspring	78667757	28.3998	lin_15
LIN_family2_S5_offspring	78667912	30.245	lin_15
LIN_family2_S6_offspring	78668295	28.2033	lin_15
LIN_family3_F_female	78667564	26.0136	lin_15
LIN_family3_M_male	78667792	28.8092	lin_15
LIN_family3_S1_offspring	78667529	19.8201	lin_15
LIN_family3_S2_offspring	78667686	22.8223	lin_15
LIN_family3_S3_offspring	78667820	26.1604	lin_15
LIN_family3_S4_offspring	78667522	21.9141	lin_15
LIN_family3_S5_offspring	78667751	24.3777	lin_15
LIN_family3_S6_offspring	78667713	21.9496	lin_15
LIN_family4_F_female	78667494	25.4383	lin_15
LIN_family4_M_male	78667872	28.4331	lin_15
LIN_family4_S1_offspring	78667778	26.1751	lin_15
LIN_family4_S2_offspring	78667544	27.8449	lin_15
LIN_family4_S3_offspring	78667827	28.3159	lin_15
LIN_family4_S4_offspring	78667913	27.3784	lin_15
LIN_family4_S5_offspring	78667779	24.7472	lin_15
LIN_family4_S6_offspring	78667526	26.8912	lin_15
LIN_family1_F_female	96575726	37.0667	lin_16
LIN_family1_M_male	96575660	45.6499	lin_16
LIN_family1_S1_offspring	96575716	40.9798	lin_16
LIN_family1_S2_offspring	96575629	34.1102	lin_16
LIN_family1_S3_offspring	96575631	32.2282	lin_16
LIN_family1_S4_offspring	96575640	29.6429	lin_16
LIN_family1_S5_offspring	96575690	33.045	lin_16
LIN_family1_S6_offspring	96575554	30.7271	lin_16
LIN_family2_F_female	96575497	29.0158	lin_16
LIN_family2_M_male	96575513	31.6737	lin_16
LIN_family2_S1_offspring	96575335	32.0949	lin_16
LIN_family2_S2_offspring	96575306	28.0998	lin_16
LIN_family2_S3_offspring	96575433	31.9711	lin_16
LIN_family2_S4_offspring	96575493	31.8385	lin_16
LIN_family2_S5_offspring	96575381	31.8181	lin_16
LIN_family2_S6_offspring	96575464	29.1392	lin_16
LIN_family3_F_female	96576072	31.7675	lin_16
LIN_family3_M_male	96575542	31.7318	lin_16
LIN_family3_S1_offspring	96576072	23.9677	lin_16
LIN_family3_S2_offspring	96575584	25.9563	lin_16
LIN_family3_S3_offspring	96576068	31.3527	lin_16
LIN_family3_S4_offspring	96575735	25.9978	lin_16
LIN_family3_S5_offspring	96575927	28.7165	lin_16
LIN_family3_S6_offspring	96575348	24.1778	lin_16
LIN_family4_F_female	96575403	29.4704	lin_16
LIN_family4_M_male	96575560	31.3178	lin_16
LIN_family4_S1_offspring	96575429	28.7532	lin_16
LIN_family4_S2_offspring	96575659	31.6353	lin_16
LIN_family4_S3_offspring	96575651	31.1762	lin_16
LIN_family4_S4_offspring	96575587	30.0192	lin_16
LIN_family4_S5_offspring	96575565	26.9296	lin_16
LIN_family4_S6_offspring	96575686	30.4214	lin_16
LIN_family1_F_female	105245653	35.7891	lin_17
LIN_family1_M_male	105245756	45.5469	lin_17
LIN_family1_S1_offspring	105245591	39.3989	lin_17
LIN_family1_S2_offspring	105245727	33.12	lin_17
LIN_family1_S3_offspring	105245505	30.7943	lin_17
LIN_family1_S4_offspring	105245694	28.8943	lin_17
LIN_family1_S5_offspring	105245485	31.6209	lin_17
LIN_family1_S6_offspring	105245452	29.7419	lin_17
LIN_family2_F_female	105246136	29.9578	lin_17
LIN_family2_M_male	105245771	30.9964	lin_17
LIN_family2_S1_offspring	105246044	33.603	lin_17
LIN_family2_S2_offspring	105245927	28.7902	lin_17
LIN_family2_S3_offspring	105245774	31.9189	lin_17
LIN_family2_S4_offspring	105246010	33.1995	lin_17
LIN_family2_S5_offspring	105246038	33.1206	lin_17
LIN_family2_S6_offspring	105246101	30.4042	lin_17
LIN_family3_F_female	105246223	31.501	lin_17
LIN_family3_M_male	105245692	31.0899	lin_17
LIN_family3_S1_offspring	105245736	22.403	lin_17
LIN_family3_S2_offspring	105245749	25.6181	lin_17
LIN_family3_S3_offspring	105245828	29.0885	lin_17
LIN_family3_S4_offspring	105245722	25.2641	lin_17
LIN_family3_S5_offspring	105245578	26.462	lin_17
LIN_family3_S6_offspring	105246144	25.4361	lin_17
LIN_family4_F_female	105245668	29.5801	lin_17
LIN_family4_M_male	105245616	30.7547	lin_17
LIN_family4_S1_offspring	105245694	27.9782	lin_17
LIN_family4_S2_offspring	105245791	31.2733	lin_17
LIN_family4_S3_offspring	105245748	30.6859	lin_17
LIN_family4_S4_offspring	105245655	29.4645	lin_17
LIN_family4_S5_offspring	105245763	26.7992	lin_17
LIN_family4_S6_offspring	105245720	29.5345	lin_17
LIN_family1_F_female	138059998	38.9943	lin_18
LIN_family1_M_male	138059559	46.8069	lin_18
LIN_family1_S1_offspring	138059563	41.2818	lin_18
LIN_family1_S2_offspring	138059555	34.2617	lin_18
LIN_family1_S3_offspring	138059503	31.9003	lin_18
LIN_family1_S4_offspring	138059459	29.8556	lin_18
LIN_family1_S5_offspring	138059868	34.0675	lin_18
LIN_family1_S6_offspring	138059954	32.4701	lin_18
LIN_family2_F_female	138059515	29.3242	lin_18
LIN_family2_M_male	138059748	33.2578	lin_18
LIN_family2_S1_offspring	138059468	32.8168	lin_18
LIN_family2_S2_offspring	138059655	29.4649	lin_18
LIN_family2_S3_offspring	138059456	32.5659	lin_18
LIN_family2_S4_offspring	138059456	32.5634	lin_18
LIN_family2_S5_offspring	138059485	32.6462	lin_18
LIN_family2_S6_offspring	138059442	29.7307	lin_18
LIN_family3_F_female	138059982	32.2474	lin_18
LIN_family3_M_male	138059473	32.3516	lin_18
LIN_family3_S1_offspring	138059962	23.8548	lin_18
LIN_family3_S2_offspring	138059390	26.3512	lin_18
LIN_family3_S3_offspring	138059853	31.0012	lin_18
LIN_family3_S4_offspring	138059259	25.8068	lin_18
LIN_family3_S5_offspring	138059381	27.5624	lin_18
LIN_family3_S6_offspring	138059398	24.7791	lin_18
LIN_family4_F_female	138059477	30.2085	lin_18
LIN_family4_M_male	138059927	33.6323	lin_18
LIN_family4_S1_offspring	138059764	29.9726	lin_18
LIN_family4_S2_offspring	138059594	32.0037	lin_18
LIN_family4_S3_offspring	138059981	32.8888	lin_18
LIN_family4_S4_offspring	138059466	30.6219	lin_18
LIN_family4_S5_offspring	138059629	27.9565	lin_18
LIN_family4_S6_offspring	138059846	31.7316	lin_18
LIN_family1_F_female	99476969	26.3342	lin_19
LIN_family1_M_male	99476451	30.0682	lin_19
LIN_family1_S1_offspring	99476852	29.3113	lin_19
LIN_family1_S2_offspring	99476851	23.9968	lin_19
LIN_family1_S3_offspring	99476923	22.67	lin_19
LIN_family1_S4_offspring	99476870	20.8899	lin_19
LIN_family1_S5_offspring	99476883	23.9728	lin_19
LIN_family1_S6_offspring	99476424	20.2732	lin_19
LIN_family2_F_female	99476467	19.3642	lin_19
LIN_family2_M_male	99476455	21.4211	lin_19
LIN_family2_S1_offspring	99476259	22.0432	lin_19
LIN_family2_S2_offspring	99476253	18.7316	lin_19
LIN_family2_S3_offspring	99476302	20.7366	lin_19
LIN_family2_S4_offspring	99476429	21.3851	lin_19
LIN_family2_S5_offspring	99476223	20.9074	lin_19
LIN_family2_S6_offspring	99476258	19.4401	lin_19
LIN_family3_F_female	99477102	21.7038	lin_19
LIN_family3_M_male	99476507	22.138	lin_19
LIN_family3_S1_offspring	99477115	17.2637	lin_19
LIN_family3_S2_offspring	99477143	20.0829	lin_19
LIN_family3_S3_offspring	99476341	19.8122	lin_19
LIN_family3_S4_offspring	99476236	16.862	lin_19
LIN_family3_S5_offspring	99476357	18.0579	lin_19
LIN_family3_S6_offspring	99476527	17.2465	lin_19
LIN_family4_F_female	99476298	19.3683	lin_19
LIN_family4_M_male	99476302	21.0891	lin_19
LIN_family4_S1_offspring	99476249	20.0147	lin_19
LIN_family4_S2_offspring	99476512	21.2474	lin_19
LIN_family4_S3_offspring	99476271	21.5603	lin_19
LIN_family4_S4_offspring	99476402	19.8509	lin_19
LIN_family4_S5_offspring	99476349	18.3003	lin_19
LIN_family4_S6_offspring	99476426	19.9851	lin_19
LIN_family1_F_female	108167263	37.2825	lin_20
LIN_family1_M_male	108167481	47.2953	lin_20
LIN_family1_S1_offspring	108167422	41.9269	lin_20
LIN_family1_S2_offspring	108167282	34.407	lin_20
LIN_family1_S3_offspring	108167349	32.4019	lin_20
LIN_family1_S4_offspring	108167235	30.0414	lin_20
LIN_family1_S5_offspring	108167206	32.887	lin_20
LIN_family1_S6_offspring	108167315	31.1854	lin_20
LIN_family2_F_female	108167506	30.5986	lin_20
LIN_family2_M_male	108167269	32.4864	lin_20
LIN_family2_S1_offspring	108167543	34.9518	lin_20
LIN_family2_S2_offspring	108167212	28.9837	lin_20
LIN_family2_S3_offspring	108167255	32.6716	lin_20
LIN_family2_S4_offspring	108167268	33.1356	lin_20
LIN_family2_S5_offspring	108167181	32.6863	lin_20
LIN_family2_S6_offspring	108167285	30.2009	lin_20
LIN_family3_F_female	108167753	32.3897	lin_20
LIN_family3_M_male	108167443	32.9858	lin_20
LIN_family3_S1_offspring	108167760	24.5668	lin_20
LIN_family3_S2_offspring	108167764	27.8758	lin_20
LIN_family3_S3_offspring	108167347	30.2365	lin_20
LIN_family3_S4_offspring	108167619	27.5953	lin_20
LIN_family3_S5_offspring	108167737	30.2514	lin_20
LIN_family3_S6_offspring	108167687	26.2521	lin_20
LIN_family4_F_female	108167244	30.3885	lin_20
LIN_family4_M_male	108167316	32.0901	lin_20
LIN_family4_S1_offspring	108167335	29.2656	lin_20
LIN_family4_S2_offspring	108167341	32.254	lin_20
LIN_family4_S3_offspring	108167388	31.9564	lin_20
LIN_family4_S4_offspring	108167324	30.7855	lin_20
LIN_family4_S5_offspring	108167331	27.5462	lin_20
LIN_family4_S6_offspring	108167353	30.7781	lin_20
LIN_family1_F_female	145679132	42.733	lin_X1
LIN_family1_M_male	145678764	26.3202	lin_X1
LIN_family1_S1_offspring	145679054	46.3492	lin_X1
LIN_family1_S2_offspring	145678771	19.5096	lin_X1
LIN_family1_S3_offspring	145679110	19.2608	lin_X1
LIN_family1_S4_offspring	145679130	33.9936	lin_X1
LIN_family1_S5_offspring	145678718	18.8586	lin_X1
LIN_family1_S6_offspring	145679131	35.5701	lin_X1
LIN_family2_F_female	145679059	32.279	lin_X1
LIN_family2_M_male	145678710	18.1556	lin_X1
LIN_family2_S1_offspring	145678790	19.6044	lin_X1
LIN_family2_S2_offspring	145678984	32.2966	lin_X1
LIN_family2_S3_offspring	145678723	18.7974	lin_X1
LIN_family2_S4_offspring	145678911	19.0944	lin_X1
LIN_family2_S5_offspring	145678739	18.8911	lin_X1
LIN_family2_S6_offspring	145679011	33.3102	lin_X1
LIN_family3_F_female	145678992	34.5497	lin_X1
LIN_family3_M_male	145678718	18.4408	lin_X1
LIN_family3_S1_offspring	145679009	25.5722	lin_X1
LIN_family3_S2_offspring	145679013	29.6302	lin_X1
LIN_family3_S3_offspring	145679030	33.5885	lin_X1
LIN_family3_S4_offspring	145678983	29.801	lin_X1
LIN_family3_S5_offspring	145679015	31.796	lin_X1
LIN_family3_S6_offspring	145678963	28.6019	lin_X1
LIN_family4_F_female	145678997	34.3481	lin_X1
LIN_family4_M_male	145678674	18.1524	lin_X1
LIN_family4_S1_offspring	145679002	32.8466	lin_X1
LIN_family4_S2_offspring	145678746	18.7555	lin_X1
LIN_family4_S3_offspring	145678789	18.4111	lin_X1
LIN_family4_S4_offspring	145678790	17.6985	lin_X1
LIN_family4_S5_offspring	145678706	15.7593	lin_X1
LIN_family4_S6_offspring	145678728	17.8924	lin_X1
LIN_family1_F_female	152019151	41.7219	lin_X2
LIN_family1_M_male	152018831	25.9721	lin_X2
LIN_family1_S1_offspring	152019131	45.983	lin_X2
LIN_family1_S2_offspring	152018988	19.4821	lin_X2
LIN_family1_S3_offspring	152018818	18.6638	lin_X2
LIN_family1_S4_offspring	152019084	32.8475	lin_X2
LIN_family1_S5_offspring	152018848	18.8771	lin_X2
LIN_family1_S6_offspring	152019077	34.4898	lin_X2
LIN_family2_F_female	152019198	32.6129	lin_X2
LIN_family2_M_male	152018837	17.9694	lin_X2
LIN_family2_S1_offspring	152019157	19.9538	lin_X2
LIN_family2_S2_offspring	152019186	32.5161	lin_X2
LIN_family2_S3_offspring	152018909	18.8267	lin_X2
LIN_family2_S4_offspring	152019036	19.0427	lin_X2
LIN_family2_S5_offspring	152019141	19.1117	lin_X2
LIN_family2_S6_offspring	152019097	33.1517	lin_X2
LIN_family3_F_female	152019175	34.5509	lin_X2
LIN_family3_M_male	152018739	18.1466	lin_X2
LIN_family3_S1_offspring	152019112	25.4691	lin_X2
LIN_family3_S2_offspring	152019150	29.3874	lin_X2
LIN_family3_S3_offspring	152019123	33.4159	lin_X2
LIN_family3_S4_offspring	152019096	29.6075	lin_X2
LIN_family3_S5_offspring	152019104	31.4329	lin_X2
LIN_family3_S6_offspring	152019120	28.4559	lin_X2
LIN_family4_F_female	152019053	33.789	lin_X2
LIN_family4_M_male	152018824	17.978	lin_X2
LIN_family4_S1_offspring	152019041	32.5165	lin_X2
LIN_family4_S2_offspring	152018901	18.5344	lin_X2
LIN_family4_S3_offspring	152018810	18.1095	lin_X2
LIN_family4_S4_offspring	152018845	17.3801	lin_X2
LIN_family4_S5_offspring	152018778	15.4881	lin_X2
LIN_family4_S6_offspring	152018850	17.6144	lin_X2
LIN_family1_F_female	106810652	40.3484	lin_X3
LIN_family1_M_male	106810336	24.9674	lin_X3
LIN_family1_S1_offspring	106810618	44.5197	lin_X3
LIN_family1_S2_offspring	106810173	18.3795	lin_X3
LIN_family1_S3_offspring	106810477	18.3422	lin_X3
LIN_family1_S4_offspring	106810628	32.2136	lin_X3
LIN_family1_S5_offspring	106810561	18.6301	lin_X3
LIN_family1_S6_offspring	106810533	33.2025	lin_X3
LIN_family2_F_female	106810604	30.9972	lin_X3
LIN_family2_M_male	106810256	17.2368	lin_X3
LIN_family2_S1_offspring	106810319	18.9542	lin_X3
LIN_family2_S2_offspring	106810532	30.7554	lin_X3
LIN_family2_S3_offspring	106810359	18.2444	lin_X3
LIN_family2_S4_offspring	106810366	18.3266	lin_X3
LIN_family2_S5_offspring	106810280	17.8546	lin_X3
LIN_family2_S6_offspring	106810582	31.8764	lin_X3
LIN_family3_F_female	106810571	32.7888	lin_X3
LIN_family3_M_male	106810226	17.5045	lin_X3
LIN_family3_S1_offspring	106810520	24.3828	lin_X3
LIN_family3_S2_offspring	106810574	28.2867	lin_X3
LIN_family3_S3_offspring	106810546	31.9882	lin_X3
LIN_family3_S4_offspring	106810450	28.0055	lin_X3
LIN_family3_S5_offspring	106810505	30.1194	lin_X3
LIN_family3_S6_offspring	106810532	26.9771	lin_X3
LIN_family4_F_female	106810519	32.3996	lin_X3
LIN_family4_M_male	106810274	17.2239	lin_X3
LIN_family4_S1_offspring	106810541	31.184	lin_X3
LIN_family4_S2_offspring	106810348	17.8678	lin_X3
LIN_family4_S3_offspring	106810298	17.4321	lin_X3
LIN_family4_S4_offspring	106810228	16.7049	lin_X3
LIN_family4_S5_offspring	106810146	14.9497	lin_X3
LIN_family4_S6_offspring	106810283	16.9895	lin_X3
