species	family	individual	round_id	lane	size_gb
S_africanus	family1	TB22_430-101_Ma	V350231703	L01	56.8864
S_africanus	family1	TB22_430-101_Ma	V350231703	L02	56.4302
S_africanus	family1	TB22_430-101_Ma	V350231703	L03	56.2372
S_africanus	family1	TB22_430-101_Ma	V350231703	L04	55.9305
S_africanus	family1	TB22_430-101_Ma	TOTAL	TOTAL	225.4843
S_africanus	family1	TB22_436_3_Fema	V350231703	L01	57.0260
S_africanus	family1	TB22_436_3_Fema	V350231703	L02	56.4763
S_africanus	family1	TB22_436_3_Fema	V350231703	L03	56.1925
S_africanus	family1	TB22_436_3_Fema	V350231703	L04	55.8041
S_africanus	family1	TB22_436_3_Fema	TOTAL	TOTAL	225.4990
S_africanus	family1	TB22_436_3_S1	V350231703	L01	56.8939
S_africanus	family1	TB22_436_3_S1	V350231703	L02	56.3915
S_africanus	family1	TB22_436_3_S1	V350231703	L03	56.1907
S_africanus	family1	TB22_436_3_S1	V350231703	L04	55.9072
S_africanus	family1	TB22_436_3_S1	TOTAL	TOTAL	225.3833
S_africanus	family1	TB22_436_3_S2	V350231703	L01	57.0724
S_africanus	family1	TB22_436_3_S2	V350231703	L02	56.5576
S_africanus	family1	TB22_436_3_S2	V350231703	L03	56.1371
S_africanus	family1	TB22_436_3_S2	V350231703	L04	55.8281
S_africanus	family1	TB22_436_3_S2	TOTAL	TOTAL	225.5952
S_africanus	family1	TB22_436_3_S3	V350231840	L01	57.6626
S_africanus	family1	TB22_436_3_S3	V350231840	L02	57.3442
S_africanus	family1	TB22_436_3_S3	V350231840	L03	54.4874
S_africanus	family1	TB22_436_3_S3	V350231840	L04	55.9750
S_africanus	family1	TB22_436_3_S3	TOTAL	TOTAL	225.4691
S_africanus	family1	TB22_436_3_S4	V350231840	L01	57.7970
S_africanus	family1	TB22_436_3_S4	V350231840	L02	57.2667
S_africanus	family1	TB22_436_3_S4	V350231840	L03	54.5141
S_africanus	family1	TB22_436_3_S4	V350231840	L04	56.0194
S_africanus	family1	TB22_436_3_S4	TOTAL	TOTAL	225.5972
S_africanus	family1	TB22_436_3_S5	V350231840	L01	57.5905
S_africanus	family1	TB22_436_3_S5	V350231840	L02	57.1055
S_africanus	family1	TB22_436_3_S5	V350231840	L03	54.7423
S_africanus	family1	TB22_436_3_S5	V350231840	L04	56.0534
S_africanus	family1	TB22_436_3_S5	TOTAL	TOTAL	225.4916
S_africanus	family1	TB22_436_3_S6	V350231840	L01	57.5462
S_africanus	family1	TB22_436_3_S6	V350231840	L02	57.2863
S_africanus	family1	TB22_436_3_S6	V350231840	L03	54.7053
S_africanus	family1	TB22_436_3_S6	V350231840	L04	55.9711
S_africanus	family1	TB22_436_3_S6	TOTAL	TOTAL	225.5088
S_africanus	family2	TB22_440_5_Fema	V350235689	L01	57.0462
S_africanus	family2	TB22_440_5_Fema	V350235689	L02	58.0131
S_africanus	family2	TB22_440_5_Fema	V350235689	L03	56.6901
S_africanus	family2	TB22_440_5_Fema	V350235689	L04	53.6496
S_africanus	family2	TB22_440_5_Fema	TOTAL	TOTAL	225.3990
S_africanus	family2	TB22_440_5_S1	V350235689	L01	56.9599
S_africanus	family2	TB22_440_5_S1	V350235689	L02	57.5229
S_africanus	family2	TB22_440_5_S1	V350235689	L03	56.3829
S_africanus	family2	TB22_440_5_S1	V350235689	L04	54.6393
S_africanus	family2	TB22_440_5_S1	TOTAL	TOTAL	225.5050
S_africanus	family2	TB22_440_5_S2	V350235689	L01	57.0770
S_africanus	family2	TB22_440_5_S2	V350235689	L02	57.8450
S_africanus	family2	TB22_440_5_S2	V350235689	L03	56.6465
S_africanus	family2	TB22_440_5_S2	V350235689	L04	53.9445
S_africanus	family2	TB22_440_5_S2	TOTAL	TOTAL	225.5130
S_africanus	family2	TB22_440_5_S3	V350235693	L01	54.7587
S_africanus	family2	TB22_440_5_S3	V350235693	L02	56.2007
S_africanus	family2	TB22_440_5_S3	V350235693	L03	57.4518
S_africanus	family2	TB22_440_5_S3	V350235693	L04	57.0729
S_africanus	family2	TB22_440_5_S3	TOTAL	TOTAL	225.4841
S_africanus	family2	TB22_440_5_S4	V350235693	L01	54.9891
S_africanus	family2	TB22_440_5_S4	V350235693	L02	56.2595
S_africanus	family2	TB22_440_5_S4	V350235693	L03	57.4808
S_africanus	family2	TB22_440_5_S4	V350235693	L04	56.7746
S_africanus	family2	TB22_440_5_S4	TOTAL	TOTAL	225.5040
S_africanus	family2	TB22_440_5_S5	V350235693	L01	54.6837
S_africanus	family2	TB22_440_5_S5	V350235693	L02	56.2955
S_africanus	family2	TB22_440_5_S5	V350235693	L03	57.3202
S_africanus	family2	TB22_440_5_S5	V350235693	L04	57.2468
S_africanus	family2	TB22_440_5_S5	TOTAL	TOTAL	225.5462
S_africanus	family2	TB22_440_5_S6	V350235693	L01	54.8743
S_africanus	family2	TB22_440_5_S6	V350235693	L02	56.3123
S_africanus	family2	TB22_440_5_S6	V350235693	L03	57.4303
S_africanus	family2	TB22_440_5_S6	V350235693	L04	56.9264
S_africanus	family2	TB22_440_5_S6	TOTAL	TOTAL	225.5434
S_africanus	family2	TB22_445_103_Ma	V350235689	L01	57.3641
S_africanus	family2	TB22_445_103_Ma	V350235689	L02	58.1930
S_africanus	family2	TB22_445_103_Ma	V350235689	L03	56.3255
S_africanus	family2	TB22_445_103_Ma	V350235689	L04	52.9709
S_africanus	family2	TB22_445_103_Ma	TOTAL	TOTAL	224.8534
S_africanus	family3	TB22_442_1_Fema	V350236431	L01	58.6999
S_africanus	family3	TB22_442_1_Fema	V350236431	L02	56.2659
S_africanus	family3	TB22_442_1_Fema	V350236431	L03	56.6291
S_africanus	family3	TB22_442_1_Fema	V350236431	L04	53.9002
S_africanus	family3	TB22_442_1_Fema	TOTAL	TOTAL	225.4950
S_africanus	family3	TB22_442_1_S1	V350236431	L01	58.9319
S_africanus	family3	TB22_442_1_S1	V350236431	L02	55.9447
S_africanus	family3	TB22_442_1_S1	V350236431	L03	56.4024
S_africanus	family3	TB22_442_1_S1	V350236431	L04	54.2771
S_africanus	family3	TB22_442_1_S1	TOTAL	TOTAL	225.5560
S_africanus	family3	TB22_442_1_S2	V350236431	L01	56.6943
S_africanus	family3	TB22_442_1_S2	V350236431	L02	53.3219
S_africanus	family3	TB22_442_1_S2	V350236431	L03	54.8599
S_africanus	family3	TB22_442_1_S2	V350236431	L04	52.5217
S_africanus	family3	TB22_442_1_S2	TOTAL	TOTAL	217.3977
S_africanus	family3	TB22_442_1_S3	V350231722	L01	47.0221
S_africanus	family3	TB22_442_1_S3	V350231722	L02	45.9443
S_africanus	family3	TB22_442_1_S3	V350231722	L03	46.7191
S_africanus	family3	TB22_442_1_S3	V350231722	L04	46.9848
S_africanus	family3	TB22_442_1_S3	TOTAL	TOTAL	186.6703
S_africanus	family3	TB22_442_1_S4	V350231722	L01	56.1157
S_africanus	family3	TB22_442_1_S4	V350231722	L02	57.0546
S_africanus	family3	TB22_442_1_S4	V350231722	L03	56.0314
S_africanus	family3	TB22_442_1_S4	V350231722	L04	56.2434
S_africanus	family3	TB22_442_1_S4	TOTAL	TOTAL	225.4450
S_africanus	family3	TB22_442_1_S5	V350231722	L01	56.5252
S_africanus	family3	TB22_442_1_S5	V350231722	L02	56.6265
S_africanus	family3	TB22_442_1_S5	V350231722	L03	56.0805
S_africanus	family3	TB22_442_1_S5	V350231722	L04	56.2710
S_africanus	family3	TB22_442_1_S5	TOTAL	TOTAL	225.5032
S_africanus	family3	TB22_442_1_S6	V350231722	L01	56.3666
S_africanus	family3	TB22_442_1_S6	V350231722	L02	56.7102
S_africanus	family3	TB22_442_1_S6	V350231722	L03	56.2105
S_africanus	family3	TB22_442_1_S6	V350231722	L04	56.3057
S_africanus	family3	TB22_442_1_S6	TOTAL	TOTAL	225.5931
S_africanus	family3	TB22_442_7_Male	V350236431	L01	58.0898
S_africanus	family3	TB22_442_7_Male	V350236431	L02	56.2872
S_africanus	family3	TB22_442_7_Male	V350236431	L03	56.6231
S_africanus	family3	TB22_442_7_Male	V350236431	L04	54.5649
S_africanus	family3	TB22_442_7_Male	TOTAL	TOTAL	225.5650
S_africanus	family4	TB22_442_4_Male	V350223442	L01	58.6762
S_africanus	family4	TB22_442_4_Male	V350223442	L02	54.7958
S_africanus	family4	TB22_442_4_Male	V350223442	L03	56.1016
S_africanus	family4	TB22_442_4_Male	V350223442	L04	55.9612
S_africanus	family4	TB22_442_4_Male	TOTAL	TOTAL	225.5349
S_africanus	family4	TB22_442_6_Fema	V350223442	L01	57.4122
S_africanus	family4	TB22_442_6_Fema	V350223442	L02	54.9456
S_africanus	family4	TB22_442_6_Fema	V350223442	L03	56.8207
S_africanus	family4	TB22_442_6_Fema	V350223442	L04	56.3298
S_africanus	family4	TB22_442_6_Fema	TOTAL	TOTAL	225.5083
S_africanus	family4	TB22_442_6_S1	V350223442	L01	57.9997
S_africanus	family4	TB22_442_6_S1	V350223442	L02	54.7118
S_africanus	family4	TB22_442_6_S1	V350223442	L03	56.4337
S_africanus	family4	TB22_442_6_S1	V350223442	L04	56.2820
S_africanus	family4	TB22_442_6_S1	TOTAL	TOTAL	225.4273
S_africanus	family4	TB22_442_6_S2	V350223442	L01	33.7177
S_africanus	family4	TB22_442_6_S2	V350223442	L02	33.3122
S_africanus	family4	TB22_442_6_S2	V350223442	L03	34.5254
S_africanus	family4	TB22_442_6_S2	V350223442	L04	34.6661
S_africanus	family4	TB22_442_6_S2	V350228912	L01	25.3090
S_africanus	family4	TB22_442_6_S2	V350228912	L02	24.9342
S_africanus	family4	TB22_442_6_S2	V350228912	L03	25.4010
S_africanus	family4	TB22_442_6_S2	TOTAL	TOTAL	211.8656
S_africanus	family4	TB22_442_6_S3	V350223445	L01	48.3914
S_africanus	family4	TB22_442_6_S3	V350223445	L02	45.4903
S_africanus	family4	TB22_442_6_S3	V350223445	L03	46.5306
S_africanus	family4	TB22_442_6_S3	V350223445	L04	49.2847
S_africanus	family4	TB22_442_6_S3	TOTAL	TOTAL	189.6970
S_africanus	family4	TB22_442_6_S4	V350223445	L01	58.1118
S_africanus	family4	TB22_442_6_S4	V350223445	L02	54.1911
S_africanus	family4	TB22_442_6_S4	V350223445	L03	55.1158
S_africanus	family4	TB22_442_6_S4	V350223445	L04	58.0428
S_africanus	family4	TB22_442_6_S4	TOTAL	TOTAL	225.4615
S_africanus	family4	TB22_442_6_S5	V350223445	L01	58.0070
S_africanus	family4	TB22_442_6_S5	V350223445	L02	55.6637
S_africanus	family4	TB22_442_6_S5	V350223445	L03	54.8885
S_africanus	family4	TB22_442_6_S5	V350223445	L04	56.9094
S_africanus	family4	TB22_442_6_S5	TOTAL	TOTAL	225.4687
S_africanus	family4	TB22_442_6_S6	V350223445	L01	58.3675
S_africanus	family4	TB22_442_6_S6	V350223445	L02	54.8634
S_africanus	family4	TB22_442_6_S6	V350223445	L03	54.9958
S_africanus	family4	TB22_442_6_S6	V350223445	L04	57.2245
S_africanus	family4	TB22_442_6_S6	TOTAL	TOTAL	225.4511
S_bicolor	family1	S.bic_150.20_S1	V350166422	L01	221.5123
S_bicolor	family1	S.bic_150.20_S1	TOTAL	TOTAL	221.5123
S_bicolor	family1	S.bic_150.20_S2	V350166422	L02	225.3676
S_bicolor	family1	S.bic_150.20_S2	TOTAL	TOTAL	225.3676
S_bicolor	family1	S.bic_150.20_S3	V350166422	L03	225.3229
S_bicolor	family1	S.bic_150.20_S3	TOTAL	TOTAL	225.3229
S_bicolor	family1	S.bic_150.20_S4	V350166422	L04	225.3423
S_bicolor	family1	S.bic_150.20_S4	TOTAL	TOTAL	225.3423
S_bicolor	family1	S.bic_150.20_S5	V350149154	L01	225.3670
S_bicolor	family1	S.bic_150.20_S5	TOTAL	TOTAL	225.3670
S_bicolor	family1	S.bic_150.20_S6	V350149154	L02	225.3126
S_bicolor	family1	S.bic_150.20_S6	TOTAL	TOTAL	225.3126
S_bicolor	family1	S.bic_150.20_female	V350167939	L04	225.3145
S_bicolor	family1	S.bic_150.20_female	TOTAL	TOTAL	225.3145
S_bicolor	family1	S.bic_262.11_male	V350149154	L03	225.3211
S_bicolor	family1	S.bic_262.11_male	TOTAL	TOTAL	225.3211
S_bicolor	family2	S.bic_150.6_S1	V350145631	L04	225.3919
S_bicolor	family2	S.bic_150.6_S1	TOTAL	TOTAL	225.3919
S_bicolor	family2	S.bic_150.6_S2	V350145634	L01	225.3762
S_bicolor	family2	S.bic_150.6_S2	TOTAL	TOTAL	225.3762
S_bicolor	family2	S.bic_150.6_S3	V350145634	L02	225.3603
S_bicolor	family2	S.bic_150.6_S3	TOTAL	TOTAL	225.3603
S_bicolor	family2	S.bic_150.6_S4	V350167939	L01	225.3344
S_bicolor	family2	S.bic_150.6_S4	TOTAL	TOTAL	225.3344
S_bicolor	family2	S.bic_150.6_S5	V350167939	L02	225.3601
S_bicolor	family2	S.bic_150.6_S5	TOTAL	TOTAL	225.3601
S_bicolor	family2	S.bic_150.6_S6	V350167939	L03	225.3908
S_bicolor	family2	S.bic_150.6_S6	TOTAL	TOTAL	225.3908
S_bicolor	family2	S.bic_150.6_female	V350145631	L03	51.5224
S_bicolor	family2	S.bic_150.6_female	V350168607	L01	37.4679
S_bicolor	family2	S.bic_150.6_female	V350168607	L02	38.0369
S_bicolor	family2	S.bic_150.6_female	V350168607	L03	37.8483
S_bicolor	family2	S.bic_150.6_female	V350168607	L04	37.2437
S_bicolor	family2	S.bic_150.6_female	TOTAL	TOTAL	202.1192
S_bicolor	family2	S.bic_262.N5_male	V350149154	L04	225.3422
S_bicolor	family2	S.bic_262.N5_male	TOTAL	TOTAL	225.3422
S_bicolor	family3	150.9_1	V350194601	L03	225.3416
S_bicolor	family3	150.9_1	TOTAL	TOTAL	225.3416
S_bicolor	family3	150.9_2	V350194601	L04	225.3594
S_bicolor	family3	150.9_2	TOTAL	TOTAL	225.3594
S_bicolor	family3	150.9_3	V350194542	L01	225.3543
S_bicolor	family3	150.9_3	TOTAL	TOTAL	225.3543
S_bicolor	family3	150.9_4	V350194661	L04	225.3683
S_bicolor	family3	150.9_4	TOTAL	TOTAL	225.3683
S_bicolor	family3	150.9_5	V350194704	L01	225.3804
S_bicolor	family3	150.9_5	TOTAL	TOTAL	225.3804
S_bicolor	family3	150.9_6	V350194704	L02	225.3597
S_bicolor	family3	150.9_6	TOTAL	TOTAL	225.3597
S_bicolor	family3	150.9_female	V350167206	L04	113.0972
S_bicolor	family3	150.9_female	V350168683	L01	124.3141
S_bicolor	family3	150.9_female	TOTAL	TOTAL	237.4113
S_bicolor	family3	262.N3_male	V350194632	L04	225.3928
S_bicolor	family3	262.N3_male	TOTAL	TOTAL	225.3928
S_bicolor	family4	142.1_male	V350194632	L03	225.3371
S_bicolor	family4	142.1_male	TOTAL	TOTAL	225.3371
S_bicolor	family4	262.6_1	V350194550	L01	225.3489
S_bicolor	family4	262.6_1	TOTAL	TOTAL	225.3489
S_bicolor	family4	262.6_2	V350194550	L02	225.3609
S_bicolor	family4	262.6_2	TOTAL	TOTAL	225.3609
S_bicolor	family4	262.6_3	V350194550	L03	225.3433
S_bicolor	family4	262.6_3	TOTAL	TOTAL	225.3433
S_bicolor	family4	262.6_4	V350194550	L04	225.3508
S_bicolor	family4	262.6_4	TOTAL	TOTAL	225.3508
S_bicolor	family4	262.6_5	V350194601	L01	225.3090
S_bicolor	family4	262.6_5	TOTAL	TOTAL	225.3090
S_bicolor	family4	262.6_6	V350194601	L02	225.3641
S_bicolor	family4	262.6_6	TOTAL	TOTAL	225.3641
S_bicolor	family4	262.6_female	V350194597	L01	225.3745
S_bicolor	family4	262.6_female	TOTAL	TOTAL	225.3745
S_bicolor	family5	150.N8_male	V350194632	L02	225.3475
S_bicolor	family5	150.N8_male	TOTAL	TOTAL	225.3475
S_bicolor	family5	262.8_1	V350194597	L03	225.4007
S_bicolor	family5	262.8_1	TOTAL	TOTAL	225.4007
S_bicolor	family5	262.8_2	V350194597	L04	225.3771
S_bicolor	family5	262.8_2	TOTAL	TOTAL	225.3771
S_bicolor	family5	262.8_3	V350194555	L01	225.3952
S_bicolor	family5	262.8_3	TOTAL	TOTAL	225.3952
S_bicolor	family5	262.8_4	V350194555	L02	225.3460
S_bicolor	family5	262.8_4	TOTAL	TOTAL	225.3460
S_bicolor	family5	262.8_5	V350194555	L03	225.3063
S_bicolor	family5	262.8_5	TOTAL	TOTAL	225.3063
S_bicolor	family5	262.8_6	V350194555	L04	225.3686
S_bicolor	family5	262.8_6	TOTAL	TOTAL	225.3686
S_bicolor	family5	262.8_female	V350194597	L02	225.3214
S_bicolor	family5	262.8_female	TOTAL	TOTAL	225.3214
S_dumicola	family1	41.F	DP8400011678BR	L01	286.3564
S_dumicola	family1	41.F	TOTAL	TOTAL	286.3564
S_dumicola	family1	46.M	DP8400011310BL	L01	247.2845
S_dumicola	family1	46.M	TOTAL	TOTAL	247.2845
S_dumicola	family1	51.S1	DP8400011310BL	L01	236.7093
S_dumicola	family1	51.S1	TOTAL	TOTAL	236.7093
S_dumicola	family1	52.S2	DP8400011310BL	L01	257.3707
S_dumicola	family1	52.S2	TOTAL	TOTAL	257.3707
S_dumicola	family1	53.S3	DP8400011310BL	L01	236.9660
S_dumicola	family1	53.S3	TOTAL	TOTAL	236.9660
S_dumicola	family1	54.S4	DP8400011448TR	L01	297.2008
S_dumicola	family1	54.S4	TOTAL	TOTAL	297.2008
S_dumicola	family1	55.S5	DP8400011310BL	L01	227.9784
S_dumicola	family1	55.S5	TOTAL	TOTAL	227.9784
S_dumicola	family1	56.S6	DP8400011448TR	L01	296.9274
S_dumicola	family1	56.S6	TOTAL	TOTAL	296.9274
S_dumicola	family2	42.F	DP8400011680BR	L01	402.6633
S_dumicola	family2	42.F	TOTAL	TOTAL	402.6633
S_dumicola	family2	47.M	DP8400011310BL	L01	230.0312
S_dumicola	family2	47.M	TOTAL	TOTAL	230.0312
S_dumicola	family2	57.S1	DP8400011440TR	L01	165.5385
S_dumicola	family2	57.S1	DP8400011680BR	L01	69.9701
S_dumicola	family2	57.S1	TOTAL	TOTAL	235.5086
S_dumicola	family2	58.S2	DP8400011448TR	L01	329.3241
S_dumicola	family2	58.S2	TOTAL	TOTAL	329.3241
S_dumicola	family2	59.S3	DP8400011440TR	L01	158.2734
S_dumicola	family2	59.S3	DP8400011680BR	L01	69.2354
S_dumicola	family2	59.S3	TOTAL	TOTAL	227.5088
S_dumicola	family2	60.S4	DP8400011454TL	L01	231.8433
S_dumicola	family2	60.S4	TOTAL	TOTAL	231.8433
S_dumicola	family2	61.S5	DP8400011312BL	L01	201.6197
S_dumicola	family2	61.S5	TOTAL	TOTAL	201.6197
S_dumicola	family2	62.S6	DP8400011312BL	L01	215.2458
S_dumicola	family2	62.S6	TOTAL	TOTAL	215.2458
S_dumicola	family3	43.F	DP8400011310BL	L01	240.5681
S_dumicola	family3	43.F	TOTAL	TOTAL	240.5681
S_dumicola	family3	48.M	DP8400011454TL	L01	294.1133
S_dumicola	family3	48.M	TOTAL	TOTAL	294.1133
S_dumicola	family3	63.S1	DP8400011454TL	L01	231.0683
S_dumicola	family3	63.S1	TOTAL	TOTAL	231.0683
S_dumicola	family3	64.S2	DP8400011440TR	L01	138.4194
S_dumicola	family3	64.S2	DP8400011680BR	L01	129.0858
S_dumicola	family3	64.S2	TOTAL	TOTAL	267.5052
S_dumicola	family3	65.S3	DP8400011440TR	L01	178.0233
S_dumicola	family3	65.S3	DP8400011680BR	L01	57.2545
S_dumicola	family3	65.S3	TOTAL	TOTAL	235.2777
S_dumicola	family3	66.S4	DP8400011440TR	L01	180.3813
S_dumicola	family3	66.S4	DP8400011680BR	L01	53.6212
S_dumicola	family3	66.S4	TOTAL	TOTAL	234.0025
S_dumicola	family3	67.S5	DP8400011440TR	L01	172.3897
S_dumicola	family3	67.S5	DP8400011680BR	L01	66.8599
S_dumicola	family3	67.S5	TOTAL	TOTAL	239.2496
S_dumicola	family3	68.S6	DP8400011440TR	L01	167.7906
S_dumicola	family3	68.S6	DP8400011680BR	L01	70.8533
S_dumicola	family3	68.S6	TOTAL	TOTAL	238.6439
S_dumicola	family4	44.F	DP8400011310BL	L01	200.2446
S_dumicola	family4	44.F	TOTAL	TOTAL	200.2446
S_dumicola	family4	49.M	DP8400011310BL	L01	227.8082
S_dumicola	family4	49.M	TOTAL	TOTAL	227.8082
S_dumicola	family4	69.S1	DP8400011440TR	L01	181.0523
S_dumicola	family4	69.S1	DP8400011680BR	L01	62.6535
S_dumicola	family4	69.S1	TOTAL	TOTAL	243.7058
S_dumicola	family4	70.S2	DP8400011448TR	L01	345.4774
S_dumicola	family4	70.S2	TOTAL	TOTAL	345.4774
S_dumicola	family4	71.S3	DP8400011440TR	L01	164.7217
S_dumicola	family4	71.S3	DP8400011680BR	L01	80.7655
S_dumicola	family4	71.S3	TOTAL	TOTAL	245.4873
S_dumicola	family4	72.S4	DP8400011440TR	L01	159.7279
S_dumicola	family4	72.S4	DP8400011680BR	L01	76.2962
S_dumicola	family4	72.S4	TOTAL	TOTAL	236.0241
S_dumicola	family4	73.S5	DP8400011440TR	L01	169.5119
S_dumicola	family4	73.S5	DP8400011680BR	L01	68.0883
S_dumicola	family4	73.S5	TOTAL	TOTAL	237.6002
S_dumicola	family4	74.S6	DP8400011440TR	L01	172.9865
S_dumicola	family4	74.S6	DP8400011680BR	L01	56.4407
S_dumicola	family4	74.S6	TOTAL	TOTAL	229.4272
S_dumicola	family5	45.F	DP8400011452TL	L01	276.7146
S_dumicola	family5	45.F	TOTAL	TOTAL	276.7146
S_dumicola	family5	50.M	DP8400011310BL	L01	252.5707
S_dumicola	family5	50.M	TOTAL	TOTAL	252.5707
S_dumicola	family5	75.S1	DP8400011440TR	L01	158.3663
S_dumicola	family5	75.S1	DP8400011680BR	L01	80.6462
S_dumicola	family5	75.S1	TOTAL	TOTAL	239.0125
S_dumicola	family5	76.S2	DP8400011440TR	L01	172.1002
S_dumicola	family5	76.S2	DP8400011680BR	L01	59.2307
S_dumicola	family5	76.S2	TOTAL	TOTAL	231.3308
S_dumicola	family5	77.S3	DP8400011440TR	L01	186.0811
S_dumicola	family5	77.S3	TOTAL	TOTAL	186.0811
S_dumicola	family5	78.S4	DP8400011312BL	L01	201.8861
S_dumicola	family5	78.S4	TOTAL	TOTAL	201.8861
S_dumicola	family5	79.S5	DP8400011312BL	L01	171.8680
S_dumicola	family5	79.S5	DP8400011737BL	L01	36.9573
S_dumicola	family5	79.S5	TOTAL	TOTAL	208.8253
S_dumicola	family5	80.S6	DP8400011312BL	L01	178.2404
S_dumicola	family5	80.S6	DP8400011737BL	L01	37.5333
S_dumicola	family5	80.S6	TOTAL	TOTAL	215.7737
S_lineatus	family1	Slin-A8-F	V300088307	L4	15.6096
S_lineatus	family1	Slin-A8-F	V300088321	L1	14.3451
S_lineatus	family1	Slin-A8-F	V300088321	L2	14.1620
S_lineatus	family1	Slin-A8-F	V300088321	L3	13.0361
S_lineatus	family1	Slin-A8-F	V300088752	L3	35.5924
S_lineatus	family1	Slin-A8-F	V300088752	L4	36.6989
S_lineatus	family1	Slin-A8-F	V300101732	L1	38.8754
S_lineatus	family1	Slin-A8-F	V300101732	L2	38.8337
S_lineatus	family1	Slin-A8-F	V300101732	L3	36.8528
S_lineatus	family1	Slin-A8-F	V300101732	L4	37.4570
S_lineatus	family1	Slin-A8-F	TOTAL	TOTAL	281.4631
S_lineatus	family1	Slin-A8-S1	V300088307	L4	17.3044
S_lineatus	family1	Slin-A8-S1	V300088321	L1	15.9218
S_lineatus	family1	Slin-A8-S1	V300088321	L2	15.7039
S_lineatus	family1	Slin-A8-S1	V300088321	L3	14.4568
S_lineatus	family1	Slin-A8-S1	V300088752	L3	39.5078
S_lineatus	family1	Slin-A8-S1	V300088752	L4	40.8868
S_lineatus	family1	Slin-A8-S1	V300101732	L1	42.7778
S_lineatus	family1	Slin-A8-S1	V300101732	L2	42.7226
S_lineatus	family1	Slin-A8-S1	V300101732	L3	40.4585
S_lineatus	family1	Slin-A8-S1	V300101732	L4	41.1833
S_lineatus	family1	Slin-A8-S1	TOTAL	TOTAL	310.9237
S_lineatus	family1	Slin-A8-S2	V300088301	L4	32.2137
S_lineatus	family1	Slin-A8-S2	V300088321	L4	16.6945
S_lineatus	family1	Slin-A8-S2	V300088397	L1	39.5664
S_lineatus	family1	Slin-A8-S2	V300088397	L2	39.3317
S_lineatus	family1	Slin-A8-S2	V300088397	L3	36.8631
S_lineatus	family1	Slin-A8-S2	V300088397	L4	37.5021
S_lineatus	family1	Slin-A8-S2	V300088430	L1	36.0353
S_lineatus	family1	Slin-A8-S2	TOTAL	TOTAL	238.2067
S_lineatus	family1	Slin-A8-S3	V300088301	L4	30.2980
S_lineatus	family1	Slin-A8-S3	V300088321	L4	15.3769
S_lineatus	family1	Slin-A8-S3	V300088397	L1	37.3682
S_lineatus	family1	Slin-A8-S3	V300088397	L2	37.0855
S_lineatus	family1	Slin-A8-S3	V300088397	L3	34.6210
S_lineatus	family1	Slin-A8-S3	V300088397	L4	35.3921
S_lineatus	family1	Slin-A8-S3	V300088430	L1	33.7451
S_lineatus	family1	Slin-A8-S3	TOTAL	TOTAL	223.8869
S_lineatus	family1	Slin-A8-S4	V300088301	L4	30.6271
S_lineatus	family1	Slin-A8-S4	V300088321	L4	15.3346
S_lineatus	family1	Slin-A8-S4	V300088397	L1	36.8820
S_lineatus	family1	Slin-A8-S4	V300088397	L2	36.5812
S_lineatus	family1	Slin-A8-S4	V300088397	L3	34.2795
S_lineatus	family1	Slin-A8-S4	V300088397	L4	35.0557
S_lineatus	family1	Slin-A8-S4	V300088430	L1	33.6289
S_lineatus	family1	Slin-A8-S4	TOTAL	TOTAL	222.3889
S_lineatus	family1	Slin-A8-S5	V300088301	L4	31.9024
S_lineatus	family1	Slin-A8-S5	V300088321	L4	16.2282
S_lineatus	family1	Slin-A8-S5	V300088397	L1	39.1342
S_lineatus	family1	Slin-A8-S5	V300088397	L2	38.8366
S_lineatus	family1	Slin-A8-S5	V300088397	L3	36.2371
S_lineatus	family1	Slin-A8-S5	V300088397	L4	37.0862
S_lineatus	family1	Slin-A8-S5	V300088430	L1	35.2480
S_lineatus	family1	Slin-A8-S5	TOTAL	TOTAL	234.6726
S_lineatus	family1	Slin-A8-S6	V300088301	L4	32.8603
S_lineatus	family1	Slin-A8-S6	V300088321	L4	16.5855
S_lineatus	family1	Slin-A8-S6	V300088397	L1	39.7851
S_lineatus	family1	Slin-A8-S6	V300088397	L2	39.5120
S_lineatus	family1	Slin-A8-S6	V300088397	L3	36.7413
S_lineatus	family1	Slin-A8-S6	V300088397	L4	37.5476
S_lineatus	family1	Slin-A8-S6	V300088430	L1	36.0454
S_lineatus	family1	Slin-A8-S6	TOTAL	TOTAL	239.0772
S_lineatus	family1	Slin-E5-M	V300088307	L4	19.7822
S_lineatus	family1	Slin-E5-M	V300088321	L1	18.2745
S_lineatus	family1	Slin-E5-M	V300088321	L2	18.0325
S_lineatus	family1	Slin-E5-M	V300088321	L3	16.7210
S_lineatus	family1	Slin-E5-M	V300088752	L3	41.6277
S_lineatus	family1	Slin-E5-M	V300088752	L4	42.7781
S_lineatus	family1	Slin-E5-M	V300101732	L1	44.3349
S_lineatus	family1	Slin-E5-M	V300101732	L2	44.1341
S_lineatus	family1	Slin-E5-M	V300101732	L3	42.2036
S_lineatus	family1	Slin-E5-M	V300101732	L4	42.7673
S_lineatus	family1	Slin-E5-M	TOTAL	TOTAL	330.6561
S_lineatus	family2	BOSK.16.F	V350108233	L02	225.4796
S_lineatus	family2	BOSK.16.F	TOTAL	TOTAL	225.4796
S_lineatus	family2	BOSK.16.M	V350108233	L03	225.6028
S_lineatus	family2	BOSK.16.M	TOTAL	TOTAL	225.6028
S_lineatus	family2	BOSK.16.S1	V350109501	L04	191.5283
S_lineatus	family2	BOSK.16.S1	V350109629	L04	49.6286
S_lineatus	family2	BOSK.16.S1	TOTAL	TOTAL	241.1569
S_lineatus	family2	BOSK.16.S2	V350108243	L01	224.9672
S_lineatus	family2	BOSK.16.S2	TOTAL	TOTAL	224.9672
S_lineatus	family2	BOSK.16.S3	V350108243	L02	224.8285
S_lineatus	family2	BOSK.16.S3	TOTAL	TOTAL	224.8285
S_lineatus	family2	BOSK.16.S4	V350108243	L03	224.7588
S_lineatus	family2	BOSK.16.S4	TOTAL	TOTAL	224.7588
S_lineatus	family2	BOSK.16.S5	V350108243	L04	224.7657
S_lineatus	family2	BOSK.16.S5	TOTAL	TOTAL	224.7657
S_lineatus	family2	BOSK.16.S6	V350108233	L01	225.4773
S_lineatus	family2	BOSK.16.S6	TOTAL	TOTAL	225.4773
S_lineatus	family3	BOSK.23.F	V350109703	L01	225.6133
S_lineatus	family3	BOSK.23.F	TOTAL	TOTAL	225.6133
S_lineatus	family3	BOSK.23.M	V350109703	L04	225.5975
S_lineatus	family3	BOSK.23.M	TOTAL	TOTAL	225.5975
S_lineatus	family3	BOSK.23.S1	V350109641	L02	224.8977
S_lineatus	family3	BOSK.23.S1	TOTAL	TOTAL	224.8977
S_lineatus	family3	BOSK.23.S2	V350109641	L03	224.8896
S_lineatus	family3	BOSK.23.S2	TOTAL	TOTAL	224.8896
S_lineatus	family3	BOSK.23.S3	V350109641	L04	224.8425
S_lineatus	family3	BOSK.23.S3	TOTAL	TOTAL	224.8425
S_lineatus	family3	BOSK.23.S4	V350109501	L01	164.4468
S_lineatus	family3	BOSK.23.S4	V350109629	L01	98.3418
S_lineatus	family3	BOSK.23.S4	TOTAL	TOTAL	262.7887
S_lineatus	family3	BOSK.23.S5	V350109501	L02	175.9281
S_lineatus	family3	BOSK.23.S5	V350109629	L02	71.6291
S_lineatus	family3	BOSK.23.S5	TOTAL	TOTAL	247.5572
S_lineatus	family3	BOSK.23.S6	V350109501	L03	178.1661
S_lineatus	family3	BOSK.23.S6	V350109629	L03	64.9056
S_lineatus	family3	BOSK.23.S6	TOTAL	TOTAL	243.0717
S_lineatus	family4	BOSK.10.F	V350108207	L03	225.6270
S_lineatus	family4	BOSK.10.F	TOTAL	TOTAL	225.6270
S_lineatus	family4	BOSK.10.M	V350108207	L04	225.5123
S_lineatus	family4	BOSK.10.M	TOTAL	TOTAL	225.5123
S_lineatus	family4	BOSK.10.S1	V350109668	L04	224.8401
S_lineatus	family4	BOSK.10.S1	TOTAL	TOTAL	224.8401
S_lineatus	family4	BOSK.10.S2	V350109452	L01	224.7843
S_lineatus	family4	BOSK.10.S2	TOTAL	TOTAL	224.7843
S_lineatus	family4	BOSK.10.S3	V350109452	L02	224.9152
S_lineatus	family4	BOSK.10.S3	TOTAL	TOTAL	224.9152
S_lineatus	family4	BOSK.10.S4	V350109452	L03	224.9798
S_lineatus	family4	BOSK.10.S4	TOTAL	TOTAL	224.9798
S_lineatus	family4	BOSK.10.S5	V350109452	L04	224.8016
S_lineatus	family4	BOSK.10.S5	TOTAL	TOTAL	224.8016
S_lineatus	family4	BOSK.10.S6	V350109641	L01	224.7262
S_lineatus	family4	BOSK.10.S6	TOTAL	TOTAL	224.7262
S_lineatus	family5	BOSK.13.F	V350109668	L03	224.9237
S_lineatus	family5	BOSK.13.F	TOTAL	TOTAL	224.9237
S_lineatus	family5	BOSK.13.M	V350108207	L02	225.5109
S_lineatus	family5	BOSK.13.M	TOTAL	TOTAL	225.5109
S_lineatus	family5	BOSK.13.S1	V350108233	L04	225.5469
S_lineatus	family5	BOSK.13.S1	TOTAL	TOTAL	225.5469
S_lineatus	family5	BOSK.13.S2	V350103235	L01	114.8869
S_lineatus	family5	BOSK.13.S2	V350108206	L01	110.7394
S_lineatus	family5	BOSK.13.S2	TOTAL	TOTAL	225.6263
S_lineatus	family5	BOSK.13.S3	V350103235	L02	115.0605
S_lineatus	family5	BOSK.13.S3	V350108206	L02	110.3486
S_lineatus	family5	BOSK.13.S3	TOTAL	TOTAL	225.4091
S_lineatus	family5	BOSK.13.S4	V350103235	L03	113.6072
S_lineatus	family5	BOSK.13.S4	V350108206	L03	111.8239
S_lineatus	family5	BOSK.13.S4	TOTAL	TOTAL	225.4311
S_lineatus	family5	BOSK.13.S5	V350103235	L04	123.4099
S_lineatus	family5	BOSK.13.S5	V350108206	L04	101.9704
S_lineatus	family5	BOSK.13.S5	TOTAL	TOTAL	225.3803
S_lineatus	family5	BOSK.13.S6	V350108207	L01	225.5097
S_lineatus	family5	BOSK.13.S6	TOTAL	TOTAL	225.5097
S_mimosarum	family1	1.F	DP8400011519TR	L01	184.1166
S_mimosarum	family1	1.F	TOTAL	TOTAL	184.1166
S_mimosarum	family1	10.S2	DP8400011456TL	L01	280.5909
S_mimosarum	family1	10.S2	TOTAL	TOTAL	280.5909
S_mimosarum	family1	11.S3	DP8400011455TL	L01	270.1855
S_mimosarum	family1	11.S3	TOTAL	TOTAL	270.1855
S_mimosarum	family1	12.S4	DP8400011456TL	L01	172.0095
S_mimosarum	family1	12.S4	DP8400011737BL	L01	27.3176
S_mimosarum	family1	12.S4	TOTAL	TOTAL	199.3271
S_mimosarum	family1	13.S5	DP8400011455TL	L01	191.1143
S_mimosarum	family1	13.S5	TOTAL	TOTAL	191.1143
S_mimosarum	family1	14.S6	DP8400011456TL	L01	254.4190
S_mimosarum	family1	14.S6	TOTAL	TOTAL	254.4190
S_mimosarum	family1	6.M	DP8400011519TR	L01	326.4505
S_mimosarum	family1	6.M	TOTAL	TOTAL	326.4505
S_mimosarum	family1	9.S1	DP8400011455TL	L01	346.7745
S_mimosarum	family1	9.S1	TOTAL	TOTAL	346.7745
S_mimosarum	family2	15.S1	DP8400011455TL	L01	339.2426
S_mimosarum	family2	15.S1	TOTAL	TOTAL	339.2426
S_mimosarum	family2	16.S2	DP8400011456TL	L01	278.7661
S_mimosarum	family2	16.S2	TOTAL	TOTAL	278.7661
S_mimosarum	family2	17.S3	DP8400011903TL	L01	416.5094
S_mimosarum	family2	17.S3	TOTAL	TOTAL	416.5094
S_mimosarum	family2	18.S4	DP8400011427BL	L01	501.7714
S_mimosarum	family2	18.S4	TOTAL	TOTAL	501.7714
S_mimosarum	family2	19.S5	DP8400011427BL	L01	516.3871
S_mimosarum	family2	19.S5	TOTAL	TOTAL	516.3871
S_mimosarum	family2	2.F	DP8400011519TR	L01	372.3370
S_mimosarum	family2	2.F	TOTAL	TOTAL	372.3370
S_mimosarum	family2	20.S6	DP8400011310BL	L01	198.4350
S_mimosarum	family2	20.S6	TOTAL	TOTAL	198.4350
S_mimosarum	family2	7.M	DP8400011519TR	L01	251.7514
S_mimosarum	family2	7.M	TOTAL	TOTAL	251.7514
S_mimosarum	family3	21.S1	DP8400011903TL	L01	255.7438
S_mimosarum	family3	21.S1	TOTAL	TOTAL	255.7438
S_mimosarum	family3	22.S2	DP8400011310BL	L01	142.1730
S_mimosarum	family3	22.S2	DP8400011737BL	L01	54.0348
S_mimosarum	family3	22.S2	TOTAL	TOTAL	196.2078
S_mimosarum	family3	23.S3	DP8400011427BL	L01	350.2521
S_mimosarum	family3	23.S3	TOTAL	TOTAL	350.2521
S_mimosarum	family3	24.S4	DP8400011455TL	L01	317.3451
S_mimosarum	family3	24.S4	TOTAL	TOTAL	317.3451
S_mimosarum	family3	25.S5	DP8400011456TL	L01	326.7650
S_mimosarum	family3	25.S5	TOTAL	TOTAL	326.7650
S_mimosarum	family3	26.S6	DP8400011427BL	L01	375.9601
S_mimosarum	family3	26.S6	TOTAL	TOTAL	375.9601
S_mimosarum	family3	27.S7	DP8400011427BL	L01	356.9296
S_mimosarum	family3	27.S7	TOTAL	TOTAL	356.9296
S_mimosarum	family3	28.S8	DP8400011427BL	L01	477.4368
S_mimosarum	family3	28.S8	TOTAL	TOTAL	477.4368
S_mimosarum	family3	3.F	DP8400011519TR	L01	237.1322
S_mimosarum	family3	3.F	TOTAL	TOTAL	237.1322
S_mimosarum	family3	8.M	DP8400011519TR	L01	249.1745
S_mimosarum	family3	8.M	TOTAL	TOTAL	249.1745
S_mimosarum	family4	29.S1	DP8400011519TR	L01	264.4562
S_mimosarum	family4	29.S1	TOTAL	TOTAL	264.4562
S_mimosarum	family4	30.S2	DP8400011452TL	L01	245.6186
S_mimosarum	family4	30.S2	TOTAL	TOTAL	245.6186
S_mimosarum	family4	31.S3	DP8400011452TL	L01	241.4682
S_mimosarum	family4	31.S3	TOTAL	TOTAL	241.4682
S_mimosarum	family4	32.S4	DP8400011452TL	L01	225.9336
S_mimosarum	family4	32.S4	TOTAL	TOTAL	225.9336
S_mimosarum	family4	4.F	DP8400011455TL	L01	312.6538
S_mimosarum	family4	4.F	TOTAL	TOTAL	312.6538
S_mimosarum	family4	8.M	DP8400011519TR	L01	249.1745
S_mimosarum	family4	8.M	TOTAL	TOTAL	249.1745
S_mimosarum	family5	33.S1	DP8400011452TL	L01	212.3612
S_mimosarum	family5	33.S1	TOTAL	TOTAL	212.3612
S_mimosarum	family5	34.S2	DP8400011452TL	L01	225.5505
S_mimosarum	family5	34.S2	TOTAL	TOTAL	225.5505
S_mimosarum	family5	35.S3	DP8400011452TL	L01	230.9611
S_mimosarum	family5	35.S3	TOTAL	TOTAL	230.9611
S_mimosarum	family5	36.S4	DP8400011452TL	L01	245.6827
S_mimosarum	family5	36.S4	TOTAL	TOTAL	245.6827
S_mimosarum	family5	37.S5	DP8400011680BR	L01	350.4576
S_mimosarum	family5	37.S5	TOTAL	TOTAL	350.4576
S_mimosarum	family5	38.S6	DP8400011903TL	L01	386.5048
S_mimosarum	family5	38.S6	TOTAL	TOTAL	386.5048
S_mimosarum	family5	39.S7	DP8400011680BR	L01	486.9609
S_mimosarum	family5	39.S7	TOTAL	TOTAL	486.9609
S_mimosarum	family5	40.S8	DP8400011452TL	L01	269.0325
S_mimosarum	family5	40.S8	TOTAL	TOTAL	269.0325
S_mimosarum	family5	7.M	DP8400011519TR	L01	251.7514
S_mimosarum	family5	7.M	TOTAL	TOTAL	251.7514
S_sarasinorum	family1	Ssar-A12-F-2-F	V300088905	L1	25.0779
S_sarasinorum	family1	Ssar-A12-F-2-F	V300088905	L2	24.9359
S_sarasinorum	family1	Ssar-A12-F-2-F	V300088905	L3	25.0882
S_sarasinorum	family1	Ssar-A12-F-2-F	V300088905	L4	25.7272
S_sarasinorum	family1	Ssar-A12-F-2-F	V300088913	L1	28.1496
S_sarasinorum	family1	Ssar-A12-F-2-F	V300088913	L2	28.0831
S_sarasinorum	family1	Ssar-A12-F-2-F	V300088913	L3	28.0749
S_sarasinorum	family1	Ssar-A12-F-2-F	V300088913	L4	27.7758
S_sarasinorum	family1	Ssar-A12-F-2-F	TOTAL	TOTAL	212.9126
S_sarasinorum	family1	Ssar-A12-F-2-S1	V300088454	L1	25.0553
S_sarasinorum	family1	Ssar-A12-F-2-S1	V300088454	L2	24.3716
S_sarasinorum	family1	Ssar-A12-F-2-S1	V300088454	L3	25.1441
S_sarasinorum	family1	Ssar-A12-F-2-S1	V300088454	L4	24.0146
S_sarasinorum	family1	Ssar-A12-F-2-S1	V300088899	L1	22.3945
S_sarasinorum	family1	Ssar-A12-F-2-S1	V300088899	L2	23.9559
S_sarasinorum	family1	Ssar-A12-F-2-S1	V300088899	L3	23.8858
S_sarasinorum	family1	Ssar-A12-F-2-S1	V300088899	L4	21.9847
S_sarasinorum	family1	Ssar-A12-F-2-S1	TOTAL	TOTAL	190.8064
S_sarasinorum	family1	Ssar-A12-F-2-S2	V300088454	L1	27.3246
S_sarasinorum	family1	Ssar-A12-F-2-S2	V300088454	L2	26.5007
S_sarasinorum	family1	Ssar-A12-F-2-S2	V300088454	L3	27.2908
S_sarasinorum	family1	Ssar-A12-F-2-S2	V300088454	L4	26.1334
S_sarasinorum	family1	Ssar-A12-F-2-S2	V300088899	L1	24.2776
S_sarasinorum	family1	Ssar-A12-F-2-S2	V300088899	L2	25.9535
S_sarasinorum	family1	Ssar-A12-F-2-S2	V300088899	L3	25.8085
S_sarasinorum	family1	Ssar-A12-F-2-S2	V300088899	L4	23.7326
S_sarasinorum	family1	Ssar-A12-F-2-S2	TOTAL	TOTAL	207.0216
S_sarasinorum	family1	Ssar-A12-F-2-S3	V300088905	L1	24.1183
S_sarasinorum	family1	Ssar-A12-F-2-S3	V300088905	L2	23.9617
S_sarasinorum	family1	Ssar-A12-F-2-S3	V300088905	L3	23.9849
S_sarasinorum	family1	Ssar-A12-F-2-S3	V300088905	L4	24.7230
S_sarasinorum	family1	Ssar-A12-F-2-S3	V300088913	L1	26.7102
S_sarasinorum	family1	Ssar-A12-F-2-S3	V300088913	L2	26.6914
S_sarasinorum	family1	Ssar-A12-F-2-S3	V300088913	L3	26.7442
S_sarasinorum	family1	Ssar-A12-F-2-S3	V300088913	L4	26.3771
S_sarasinorum	family1	Ssar-A12-F-2-S3	TOTAL	TOTAL	203.3109
S_sarasinorum	family1	Ssar-A12-F-2-S4	V300088905	L1	24.5084
S_sarasinorum	family1	Ssar-A12-F-2-S4	V300088905	L2	24.3385
S_sarasinorum	family1	Ssar-A12-F-2-S4	V300088905	L3	24.4227
S_sarasinorum	family1	Ssar-A12-F-2-S4	V300088905	L4	25.2311
S_sarasinorum	family1	Ssar-A12-F-2-S4	V300088913	L1	27.0987
S_sarasinorum	family1	Ssar-A12-F-2-S4	V300088913	L2	27.0955
S_sarasinorum	family1	Ssar-A12-F-2-S4	V300088913	L3	27.0216
S_sarasinorum	family1	Ssar-A12-F-2-S4	V300088913	L4	26.7332
S_sarasinorum	family1	Ssar-A12-F-2-S4	TOTAL	TOTAL	206.4498
S_sarasinorum	family1	Ssar-A12-F-2-S5	V300088905	L1	23.2389
S_sarasinorum	family1	Ssar-A12-F-2-S5	V300088905	L2	23.0819
S_sarasinorum	family1	Ssar-A12-F-2-S5	V300088905	L3	23.0625
S_sarasinorum	family1	Ssar-A12-F-2-S5	V300088905	L4	23.6910
S_sarasinorum	family1	Ssar-A12-F-2-S5	V300088913	L1	25.5301
S_sarasinorum	family1	Ssar-A12-F-2-S5	V300088913	L2	25.4815
S_sarasinorum	family1	Ssar-A12-F-2-S5	V300088913	L3	25.5002
S_sarasinorum	family1	Ssar-A12-F-2-S5	V300088913	L4	25.1827
S_sarasinorum	family1	Ssar-A12-F-2-S5	TOTAL	TOTAL	194.7687
S_sarasinorum	family1	Ssar-A12-F-2-S6	V300088905	L1	34.8547
S_sarasinorum	family1	Ssar-A12-F-2-S6	V300088905	L2	34.6910
S_sarasinorum	family1	Ssar-A12-F-2-S6	V300088905	L3	34.3519
S_sarasinorum	family1	Ssar-A12-F-2-S6	V300088905	L4	35.3029
S_sarasinorum	family1	Ssar-A12-F-2-S6	V300088913	L1	37.6241
S_sarasinorum	family1	Ssar-A12-F-2-S6	V300088913	L2	37.5204
S_sarasinorum	family1	Ssar-A12-F-2-S6	V300088913	L3	37.5656
S_sarasinorum	family1	Ssar-A12-F-2-S6	V300088913	L4	37.2486
S_sarasinorum	family1	Ssar-A12-F-2-S6	TOTAL	TOTAL	289.1593
S_sarasinorum	family1	Ssar-A12-M	V300088751	L1	41.3832
S_sarasinorum	family1	Ssar-A12-M	V300088751	L2	42.1435
S_sarasinorum	family1	Ssar-A12-M	V300088751	L3	42.7892
S_sarasinorum	family1	Ssar-A12-M	V300088751	L4	41.6537
S_sarasinorum	family1	Ssar-A12-M	V300088752	L1	41.9922
S_sarasinorum	family1	Ssar-A12-M	V300088752	L2	41.3559
S_sarasinorum	family1	Ssar-A12-M	TOTAL	TOTAL	251.3177
S_sarasinorum	family2	Ssar-A17-F-4-F	V300088299	L3	30.5532
S_sarasinorum	family2	Ssar-A17-F-4-F	V300088299	L4	29.8058
S_sarasinorum	family2	Ssar-A17-F-4-F	V300088311	L3	28.5580
S_sarasinorum	family2	Ssar-A17-F-4-F	V300088311	L4	28.3788
S_sarasinorum	family2	Ssar-A17-F-4-F	V300088769	L1	29.2886
S_sarasinorum	family2	Ssar-A17-F-4-F	V300088769	L2	28.6883
S_sarasinorum	family2	Ssar-A17-F-4-F	V300088769	L3	29.2399
S_sarasinorum	family2	Ssar-A17-F-4-F	V300088769	L4	28.8341
S_sarasinorum	family2	Ssar-A17-F-4-F	TOTAL	TOTAL	233.3467
S_sarasinorum	family2	Ssar-A17-F-4-S1	V300088299	L3	30.9596
S_sarasinorum	family2	Ssar-A17-F-4-S1	V300088299	L4	30.1834
S_sarasinorum	family2	Ssar-A17-F-4-S1	V300088311	L3	30.1255
S_sarasinorum	family2	Ssar-A17-F-4-S1	V300088311	L4	29.8323
S_sarasinorum	family2	Ssar-A17-F-4-S1	V300088769	L1	29.8162
S_sarasinorum	family2	Ssar-A17-F-4-S1	V300088769	L2	29.2360
S_sarasinorum	family2	Ssar-A17-F-4-S1	V300088769	L3	29.9247
S_sarasinorum	family2	Ssar-A17-F-4-S1	V300088769	L4	29.4449
S_sarasinorum	family2	Ssar-A17-F-4-S1	TOTAL	TOTAL	239.5225
S_sarasinorum	family2	Ssar-A17-F-4-S2	V300088299	L3	30.6644
S_sarasinorum	family2	Ssar-A17-F-4-S2	V300088299	L4	29.8836
S_sarasinorum	family2	Ssar-A17-F-4-S2	V300088311	L3	29.2709
S_sarasinorum	family2	Ssar-A17-F-4-S2	V300088311	L4	29.0534
S_sarasinorum	family2	Ssar-A17-F-4-S2	V300088769	L1	29.4295
S_sarasinorum	family2	Ssar-A17-F-4-S2	V300088769	L2	28.8314
S_sarasinorum	family2	Ssar-A17-F-4-S2	V300088769	L3	29.4790
S_sarasinorum	family2	Ssar-A17-F-4-S2	V300088769	L4	29.0439
S_sarasinorum	family2	Ssar-A17-F-4-S2	TOTAL	TOTAL	235.6561
S_sarasinorum	family2	Ssar-A17-F-4-S3	V300088299	L3	30.7677
S_sarasinorum	family2	Ssar-A17-F-4-S3	V300088299	L4	30.0339
S_sarasinorum	family2	Ssar-A17-F-4-S3	V300088311	L3	29.2637
S_sarasinorum	family2	Ssar-A17-F-4-S3	V300088311	L4	29.0417
S_sarasinorum	family2	Ssar-A17-F-4-S3	V300088769	L1	29.3770
S_sarasinorum	family2	Ssar-A17-F-4-S3	V300088769	L2	28.8012
S_sarasinorum	family2	Ssar-A17-F-4-S3	V300088769	L3	29.3769
S_sarasinorum	family2	Ssar-A17-F-4-S3	V300088769	L4	29.0326
S_sarasinorum	family2	Ssar-A17-F-4-S3	TOTAL	TOTAL	235.6948
S_sarasinorum	family2	Ssar-A17-F-4-S4	V300088299	L3	29.9468
S_sarasinorum	family2	Ssar-A17-F-4-S4	V300088299	L4	29.2807
S_sarasinorum	family2	Ssar-A17-F-4-S4	V300088311	L3	30.0074
S_sarasinorum	family2	Ssar-A17-F-4-S4	V300088311	L4	29.7398
S_sarasinorum	family2	Ssar-A17-F-4-S4	V300088769	L1	28.8542
S_sarasinorum	family2	Ssar-A17-F-4-S4	V300088769	L2	28.3101
S_sarasinorum	family2	Ssar-A17-F-4-S4	V300088769	L3	28.9665
S_sarasinorum	family2	Ssar-A17-F-4-S4	V300088769	L4	28.6218
S_sarasinorum	family2	Ssar-A17-F-4-S4	TOTAL	TOTAL	233.7272
S_sarasinorum	family2	Ssar-A17-F-4-S5	V300088299	L3	30.3326
S_sarasinorum	family2	Ssar-A17-F-4-S5	V300088299	L4	29.6030
S_sarasinorum	family2	Ssar-A17-F-4-S5	V300088311	L3	30.3079
S_sarasinorum	family2	Ssar-A17-F-4-S5	V300088311	L4	30.0141
S_sarasinorum	family2	Ssar-A17-F-4-S5	V300088769	L1	28.8647
S_sarasinorum	family2	Ssar-A17-F-4-S5	V300088769	L2	28.3817
S_sarasinorum	family2	Ssar-A17-F-4-S5	V300088769	L3	29.1237
S_sarasinorum	family2	Ssar-A17-F-4-S5	V300088769	L4	28.7356
S_sarasinorum	family2	Ssar-A17-F-4-S5	TOTAL	TOTAL	235.3633
S_sarasinorum	family2	Ssar-A17-F-4-S6	V300088299	L3	32.7973
S_sarasinorum	family2	Ssar-A17-F-4-S6	V300088299	L4	32.0047
S_sarasinorum	family2	Ssar-A17-F-4-S6	V300088311	L3	31.1485
S_sarasinorum	family2	Ssar-A17-F-4-S6	V300088311	L4	30.9774
S_sarasinorum	family2	Ssar-A17-F-4-S6	V300088769	L1	31.4119
S_sarasinorum	family2	Ssar-A17-F-4-S6	V300088769	L2	30.8210
S_sarasinorum	family2	Ssar-A17-F-4-S6	V300088769	L3	31.4033
S_sarasinorum	family2	Ssar-A17-F-4-S6	V300088769	L4	30.9922
S_sarasinorum	family2	Ssar-A17-F-4-S6	TOTAL	TOTAL	251.5562
S_sarasinorum	family2	Ssar-A17-M	V300088307	L4	16.5622
S_sarasinorum	family2	Ssar-A17-M	V300088321	L1	15.3850
S_sarasinorum	family2	Ssar-A17-M	V300088321	L2	15.2146
S_sarasinorum	family2	Ssar-A17-M	V300088321	L3	14.0141
S_sarasinorum	family2	Ssar-A17-M	V300088752	L3	38.0352
S_sarasinorum	family2	Ssar-A17-M	V300088752	L4	39.7036
S_sarasinorum	family2	Ssar-A17-M	V300101732	L1	39.9091
S_sarasinorum	family2	Ssar-A17-M	V300101732	L2	40.0649
S_sarasinorum	family2	Ssar-A17-M	V300101732	L3	37.5349
S_sarasinorum	family2	Ssar-A17-M	V300101732	L4	38.2527
S_sarasinorum	family2	Ssar-A17-M	TOTAL	TOTAL	294.6762
S_sarasinorum	family3	Ssar-B11-F-3-F	V300088454	L1	25.8883
S_sarasinorum	family3	Ssar-B11-F-3-F	V300088454	L2	25.6190
S_sarasinorum	family3	Ssar-B11-F-3-F	V300088454	L3	26.2252
S_sarasinorum	family3	Ssar-B11-F-3-F	V300088454	L4	25.2932
S_sarasinorum	family3	Ssar-B11-F-3-F	V300088899	L1	22.8774
S_sarasinorum	family3	Ssar-B11-F-3-F	V300088899	L2	24.6671
S_sarasinorum	family3	Ssar-B11-F-3-F	V300088899	L3	24.6074
S_sarasinorum	family3	Ssar-B11-F-3-F	V300088899	L4	23.0071
S_sarasinorum	family3	Ssar-B11-F-3-F	TOTAL	TOTAL	198.1846
S_sarasinorum	family3	Ssar-B11-F-3-S1	V300088299	L3	25.1358
S_sarasinorum	family3	Ssar-B11-F-3-S1	V300088299	L4	24.5030
S_sarasinorum	family3	Ssar-B11-F-3-S1	V300088311	L3	24.7520
S_sarasinorum	family3	Ssar-B11-F-3-S1	V300088311	L4	24.6516
S_sarasinorum	family3	Ssar-B11-F-3-S1	V300088769	L1	24.3613
S_sarasinorum	family3	Ssar-B11-F-3-S1	V300088769	L2	23.8468
S_sarasinorum	family3	Ssar-B11-F-3-S1	V300088769	L3	24.4372
S_sarasinorum	family3	Ssar-B11-F-3-S1	V300088769	L4	24.2237
S_sarasinorum	family3	Ssar-B11-F-3-S1	TOTAL	TOTAL	195.9114
S_sarasinorum	family3	Ssar-B11-F-3-S2	V300088454	L1	21.6653
S_sarasinorum	family3	Ssar-B11-F-3-S2	V300088454	L2	21.0314
S_sarasinorum	family3	Ssar-B11-F-3-S2	V300088454	L3	21.5982
S_sarasinorum	family3	Ssar-B11-F-3-S2	V300088454	L4	20.6948
S_sarasinorum	family3	Ssar-B11-F-3-S2	V300088899	L1	18.7913
S_sarasinorum	family3	Ssar-B11-F-3-S2	V300088899	L2	20.2499
S_sarasinorum	family3	Ssar-B11-F-3-S2	V300088899	L3	20.1835
S_sarasinorum	family3	Ssar-B11-F-3-S2	V300088899	L4	18.5576
S_sarasinorum	family3	Ssar-B11-F-3-S2	V300101732	L1	10.6186
S_sarasinorum	family3	Ssar-B11-F-3-S2	V300101732	L2	10.6476
S_sarasinorum	family3	Ssar-B11-F-3-S2	V300101732	L3	10.0000
S_sarasinorum	family3	Ssar-B11-F-3-S2	V300101732	L4	10.1915
S_sarasinorum	family3	Ssar-B11-F-3-S2	TOTAL	TOTAL	204.2297
S_sarasinorum	family3	Ssar-B11-F-3-S3	V300088454	L1	27.7738
S_sarasinorum	family3	Ssar-B11-F-3-S3	V300088454	L2	27.1643
S_sarasinorum	family3	Ssar-B11-F-3-S3	V300088454	L3	27.9018
S_sarasinorum	family3	Ssar-B11-F-3-S3	V300088454	L4	26.8009
S_sarasinorum	family3	Ssar-B11-F-3-S3	V300088899	L1	25.1108
S_sarasinorum	family3	Ssar-B11-F-3-S3	V300088899	L2	26.7429
S_sarasinorum	family3	Ssar-B11-F-3-S3	V300088899	L3	26.5623
S_sarasinorum	family3	Ssar-B11-F-3-S3	V300088899	L4	24.6606
S_sarasinorum	family3	Ssar-B11-F-3-S3	TOTAL	TOTAL	212.7174
S_sarasinorum	family3	Ssar-B11-F-3-S4	V300088454	L1	24.8089
S_sarasinorum	family3	Ssar-B11-F-3-S4	V300088454	L2	24.0515
S_sarasinorum	family3	Ssar-B11-F-3-S4	V300088454	L3	24.8779
S_sarasinorum	family3	Ssar-B11-F-3-S4	V300088454	L4	23.7473
S_sarasinorum	family3	Ssar-B11-F-3-S4	V300088899	L1	22.5897
S_sarasinorum	family3	Ssar-B11-F-3-S4	V300088899	L2	23.9904
S_sarasinorum	family3	Ssar-B11-F-3-S4	V300088899	L3	23.7392
S_sarasinorum	family3	Ssar-B11-F-3-S4	V300088899	L4	21.8674
S_sarasinorum	family3	Ssar-B11-F-3-S4	TOTAL	TOTAL	189.6724
S_sarasinorum	family3	Ssar-B11-F-3-S5	V300088454	L1	29.0932
S_sarasinorum	family3	Ssar-B11-F-3-S5	V300088454	L2	28.4029
S_sarasinorum	family3	Ssar-B11-F-3-S5	V300088454	L3	29.1758
S_sarasinorum	family3	Ssar-B11-F-3-S5	V300088454	L4	28.0152
S_sarasinorum	family3	Ssar-B11-F-3-S5	V300088899	L1	25.3817
S_sarasinorum	family3	Ssar-B11-F-3-S5	V300088899	L2	27.3288
S_sarasinorum	family3	Ssar-B11-F-3-S5	V300088899	L3	27.2459
S_sarasinorum	family3	Ssar-B11-F-3-S5	V300088899	L4	25.2080
S_sarasinorum	family3	Ssar-B11-F-3-S5	TOTAL	TOTAL	219.8515
S_sarasinorum	family3	Ssar-B11-F-3-S6	V300088454	L1	27.8306
S_sarasinorum	family3	Ssar-B11-F-3-S6	V300088454	L2	27.1112
S_sarasinorum	family3	Ssar-B11-F-3-S6	V300088454	L3	27.8505
S_sarasinorum	family3	Ssar-B11-F-3-S6	V300088454	L4	26.7237
S_sarasinorum	family3	Ssar-B11-F-3-S6	V300088899	L1	24.6313
S_sarasinorum	family3	Ssar-B11-F-3-S6	V300088899	L2	26.3358
S_sarasinorum	family3	Ssar-B11-F-3-S6	V300088899	L3	26.2562
S_sarasinorum	family3	Ssar-B11-F-3-S6	V300088899	L4	24.3139
S_sarasinorum	family3	Ssar-B11-F-3-S6	TOTAL	TOTAL	211.0533
S_sarasinorum	family3	Ssar-B11-M	V300088751	L1	33.5179
S_sarasinorum	family3	Ssar-B11-M	V300088751	L2	34.1379
S_sarasinorum	family3	Ssar-B11-M	V300088751	L3	34.0196
S_sarasinorum	family3	Ssar-B11-M	V300088751	L4	33.9666
S_sarasinorum	family3	Ssar-B11-M	V300088752	L1	33.6375
S_sarasinorum	family3	Ssar-B11-M	V300088752	L2	33.6921
S_sarasinorum	family3	Ssar-B11-M	TOTAL	TOTAL	202.9716
S_sarasinorum	family4	Ssar-B12-F-4-F	V300088299	L1	28.8562
S_sarasinorum	family4	Ssar-B12-F-4-F	V300088299	L2	30.2663
S_sarasinorum	family4	Ssar-B12-F-4-F	V300101733	L3	30.9945
S_sarasinorum	family4	Ssar-B12-F-4-F	V300101733	L4	31.3292
S_sarasinorum	family4	Ssar-B12-F-4-F	V300102083	L1	31.9278
S_sarasinorum	family4	Ssar-B12-F-4-F	V300102083	L2	31.0282
S_sarasinorum	family4	Ssar-B12-F-4-F	V300102083	L3	31.1188
S_sarasinorum	family4	Ssar-B12-F-4-F	V300102083	L4	31.1619
S_sarasinorum	family4	Ssar-B12-F-4-F	TOTAL	TOTAL	246.6829
S_sarasinorum	family4	Ssar-B12-F-4-S1	V300088299	L1	25.4272
S_sarasinorum	family4	Ssar-B12-F-4-S1	V300088299	L2	26.6574
S_sarasinorum	family4	Ssar-B12-F-4-S1	V300101733	L3	27.1631
S_sarasinorum	family4	Ssar-B12-F-4-S1	V300101733	L4	27.3983
S_sarasinorum	family4	Ssar-B12-F-4-S1	V300102083	L1	27.9704
S_sarasinorum	family4	Ssar-B12-F-4-S1	V300102083	L2	27.1325
S_sarasinorum	family4	Ssar-B12-F-4-S1	V300102083	L3	27.3556
S_sarasinorum	family4	Ssar-B12-F-4-S1	V300102083	L4	27.5199
S_sarasinorum	family4	Ssar-B12-F-4-S1	TOTAL	TOTAL	216.6243
S_sarasinorum	family4	Ssar-B12-F-4-S2	V300088299	L1	28.8010
S_sarasinorum	family4	Ssar-B12-F-4-S2	V300088299	L2	30.0702
S_sarasinorum	family4	Ssar-B12-F-4-S2	V300101733	L3	30.3394
S_sarasinorum	family4	Ssar-B12-F-4-S2	V300101733	L4	30.6230
S_sarasinorum	family4	Ssar-B12-F-4-S2	V300102083	L1	31.1943
S_sarasinorum	family4	Ssar-B12-F-4-S2	V300102083	L2	30.2615
S_sarasinorum	family4	Ssar-B12-F-4-S2	V300102083	L3	30.5080
S_sarasinorum	family4	Ssar-B12-F-4-S2	V300102083	L4	30.5954
S_sarasinorum	family4	Ssar-B12-F-4-S2	TOTAL	TOTAL	242.3928
S_sarasinorum	family4	Ssar-B12-F-4-S3	V300088299	L1	31.0082
S_sarasinorum	family4	Ssar-B12-F-4-S3	V300088299	L2	32.3752
S_sarasinorum	family4	Ssar-B12-F-4-S3	V300101733	L3	32.6064
S_sarasinorum	family4	Ssar-B12-F-4-S3	V300101733	L4	32.9198
S_sarasinorum	family4	Ssar-B12-F-4-S3	V300102083	L1	33.5870
S_sarasinorum	family4	Ssar-B12-F-4-S3	V300102083	L2	32.5242
S_sarasinorum	family4	Ssar-B12-F-4-S3	V300102083	L3	32.7994
S_sarasinorum	family4	Ssar-B12-F-4-S3	V300102083	L4	33.0379
S_sarasinorum	family4	Ssar-B12-F-4-S3	TOTAL	TOTAL	260.8583
S_sarasinorum	family4	Ssar-B12-F-4-S4	V300088299	L1	28.8090
S_sarasinorum	family4	Ssar-B12-F-4-S4	V300088299	L2	30.1648
S_sarasinorum	family4	Ssar-B12-F-4-S4	V300101733	L3	30.2864
S_sarasinorum	family4	Ssar-B12-F-4-S4	V300101733	L4	30.5813
S_sarasinorum	family4	Ssar-B12-F-4-S4	V300102083	L1	31.0233
S_sarasinorum	family4	Ssar-B12-F-4-S4	V300102083	L2	30.0161
S_sarasinorum	family4	Ssar-B12-F-4-S4	V300102083	L3	30.3248
S_sarasinorum	family4	Ssar-B12-F-4-S4	V300102083	L4	30.4914
S_sarasinorum	family4	Ssar-B12-F-4-S4	TOTAL	TOTAL	241.6972
S_sarasinorum	family4	Ssar-B12-F-4-S5	V300088299	L1	27.7866
S_sarasinorum	family4	Ssar-B12-F-4-S5	V300088299	L2	29.0128
S_sarasinorum	family4	Ssar-B12-F-4-S5	V300101733	L3	29.4940
S_sarasinorum	family4	Ssar-B12-F-4-S5	V300101733	L4	29.8208
S_sarasinorum	family4	Ssar-B12-F-4-S5	V300102083	L1	30.3260
S_sarasinorum	family4	Ssar-B12-F-4-S5	V300102083	L2	29.3592
S_sarasinorum	family4	Ssar-B12-F-4-S5	V300102083	L3	29.5762
S_sarasinorum	family4	Ssar-B12-F-4-S5	V300102083	L4	29.7887
S_sarasinorum	family4	Ssar-B12-F-4-S5	TOTAL	TOTAL	235.1641
S_sarasinorum	family4	Ssar-B12-F-4-S6	V300088299	L1	30.1768
S_sarasinorum	family4	Ssar-B12-F-4-S6	V300088299	L2	31.5966
S_sarasinorum	family4	Ssar-B12-F-4-S6	V300101733	L3	31.5780
S_sarasinorum	family4	Ssar-B12-F-4-S6	V300101733	L4	31.9304
S_sarasinorum	family4	Ssar-B12-F-4-S6	V300102083	L1	32.5176
S_sarasinorum	family4	Ssar-B12-F-4-S6	V300102083	L2	31.5424
S_sarasinorum	family4	Ssar-B12-F-4-S6	V300102083	L3	31.6757
S_sarasinorum	family4	Ssar-B12-F-4-S6	V300102083	L4	31.7373
S_sarasinorum	family4	Ssar-B12-F-4-S6	TOTAL	TOTAL	252.7549
S_sarasinorum	family4	Ssar-B12-M	V300088307	L4	15.9968
S_sarasinorum	family4	Ssar-B12-M	V300088321	L1	14.7268
S_sarasinorum	family4	Ssar-B12-M	V300088321	L2	14.5390
S_sarasinorum	family4	Ssar-B12-M	V300088321	L3	13.4386
S_sarasinorum	family4	Ssar-B12-M	V300088752	L3	36.2718
S_sarasinorum	family4	Ssar-B12-M	V300088752	L4	37.4165
S_sarasinorum	family4	Ssar-B12-M	V300101732	L1	39.8839
S_sarasinorum	family4	Ssar-B12-M	V300101732	L2	39.6198
S_sarasinorum	family4	Ssar-B12-M	V300101732	L3	37.8060
S_sarasinorum	family4	Ssar-B12-M	V300101732	L4	38.2378
S_sarasinorum	family4	Ssar-B12-M	TOTAL	TOTAL	287.9370
S_sarasinorum	family5	Ssar-B25-F-5-F	V300088751	L1	37.5546
S_sarasinorum	family5	Ssar-B25-F-5-F	V300088751	L2	38.1039
S_sarasinorum	family5	Ssar-B25-F-5-F	V300088751	L3	37.5222
S_sarasinorum	family5	Ssar-B25-F-5-F	V300088751	L4	38.2065
S_sarasinorum	family5	Ssar-B25-F-5-F	V300088752	L1	37.7256
S_sarasinorum	family5	Ssar-B25-F-5-F	V300088752	L2	38.1967
S_sarasinorum	family5	Ssar-B25-F-5-F	TOTAL	TOTAL	227.3095
S_sarasinorum	family5	Ssar-B25-F-5-S1	V300088905	L1	23.2954
S_sarasinorum	family5	Ssar-B25-F-5-S1	V300088905	L2	23.1981
S_sarasinorum	family5	Ssar-B25-F-5-S1	V300088905	L3	23.1060
S_sarasinorum	family5	Ssar-B25-F-5-S1	V300088905	L4	23.7199
S_sarasinorum	family5	Ssar-B25-F-5-S1	V300088913	L1	25.6670
S_sarasinorum	family5	Ssar-B25-F-5-S1	V300088913	L2	25.6982
S_sarasinorum	family5	Ssar-B25-F-5-S1	V300088913	L3	25.7494
S_sarasinorum	family5	Ssar-B25-F-5-S1	V300088913	L4	25.4197
S_sarasinorum	family5	Ssar-B25-F-5-S1	TOTAL	TOTAL	195.8538
S_sarasinorum	family5	Ssar-B25-F-5-S2	V300088905	L1	24.5804
S_sarasinorum	family5	Ssar-B25-F-5-S2	V300088905	L2	24.4369
S_sarasinorum	family5	Ssar-B25-F-5-S2	V300088905	L3	24.4388
S_sarasinorum	family5	Ssar-B25-F-5-S2	V300088905	L4	25.1211
S_sarasinorum	family5	Ssar-B25-F-5-S2	V300088913	L1	27.0503
S_sarasinorum	family5	Ssar-B25-F-5-S2	V300088913	L2	27.0263
S_sarasinorum	family5	Ssar-B25-F-5-S2	V300088913	L3	27.0594
S_sarasinorum	family5	Ssar-B25-F-5-S2	V300088913	L4	26.7657
S_sarasinorum	family5	Ssar-B25-F-5-S2	TOTAL	TOTAL	206.4789
S_sarasinorum	family5	Ssar-B25-F-5-S3	V300088905	L1	26.5833
S_sarasinorum	family5	Ssar-B25-F-5-S3	V300088905	L2	26.4897
S_sarasinorum	family5	Ssar-B25-F-5-S3	V300088905	L3	26.2638
S_sarasinorum	family5	Ssar-B25-F-5-S3	V300088905	L4	27.2111
S_sarasinorum	family5	Ssar-B25-F-5-S3	V300088913	L1	28.8558
S_sarasinorum	family5	Ssar-B25-F-5-S3	V300088913	L2	28.9689
S_sarasinorum	family5	Ssar-B25-F-5-S3	V300088913	L3	28.9624
S_sarasinorum	family5	Ssar-B25-F-5-S3	V300088913	L4	28.5264
S_sarasinorum	family5	Ssar-B25-F-5-S3	TOTAL	TOTAL	221.8614
S_sarasinorum	family5	Ssar-B25-F-5-S4	V300088751	L1	37.4089
S_sarasinorum	family5	Ssar-B25-F-5-S4	V300088751	L2	38.0559
S_sarasinorum	family5	Ssar-B25-F-5-S4	V300088751	L3	39.0801
S_sarasinorum	family5	Ssar-B25-F-5-S4	V300088751	L4	38.2309
S_sarasinorum	family5	Ssar-B25-F-5-S4	V300088752	L1	38.8596
S_sarasinorum	family5	Ssar-B25-F-5-S4	V300088752	L2	38.4729
S_sarasinorum	family5	Ssar-B25-F-5-S4	TOTAL	TOTAL	230.1083
S_sarasinorum	family5	Ssar-B25-F-5-S5	V300088751	L1	35.6918
S_sarasinorum	family5	Ssar-B25-F-5-S5	V300088751	L2	36.2912
S_sarasinorum	family5	Ssar-B25-F-5-S5	V300088751	L3	36.4360
S_sarasinorum	family5	Ssar-B25-F-5-S5	V300088751	L4	36.2599
S_sarasinorum	family5	Ssar-B25-F-5-S5	V300088752	L1	36.1282
S_sarasinorum	family5	Ssar-B25-F-5-S5	V300088752	L2	36.1995
S_sarasinorum	family5	Ssar-B25-F-5-S5	TOTAL	TOTAL	217.0067
S_sarasinorum	family5	Ssar-B25-F-5-S6	V300088751	L1	42.1067
S_sarasinorum	family5	Ssar-B25-F-5-S6	V300088751	L2	42.8400
S_sarasinorum	family5	Ssar-B25-F-5-S6	V300088751	L3	43.3830
S_sarasinorum	family5	Ssar-B25-F-5-S6	V300088751	L4	42.5669
S_sarasinorum	family5	Ssar-B25-F-5-S6	V300088752	L1	42.7873
S_sarasinorum	family5	Ssar-B25-F-5-S6	V300088752	L2	42.4834
S_sarasinorum	family5	Ssar-B25-F-5-S6	TOTAL	TOTAL	256.1672
S_sarasinorum	family5	Ssar-B25-M	V300088307	L4	16.9099
S_sarasinorum	family5	Ssar-B25-M	V300088321	L1	15.6855
S_sarasinorum	family5	Ssar-B25-M	V300088321	L2	15.5306
S_sarasinorum	family5	Ssar-B25-M	V300088321	L3	14.3460
S_sarasinorum	family5	Ssar-B25-M	V300088752	L3	37.3412
S_sarasinorum	family5	Ssar-B25-M	V300088752	L4	39.0119
S_sarasinorum	family5	Ssar-B25-M	V300101732	L1	39.6564
S_sarasinorum	family5	Ssar-B25-M	V300101732	L2	39.9042
S_sarasinorum	family5	Ssar-B25-M	V300101732	L3	37.3593
S_sarasinorum	family5	Ssar-B25-M	V300101732	L4	38.0093
S_sarasinorum	family5	Ssar-B25-M	TOTAL	TOTAL	293.7544
S_tentoriicola	family1	81.F	DP8400011312BL	L01	129.1981
S_tentoriicola	family1	81.F	DP8400011737BL	L01	71.0670
S_tentoriicola	family1	81.F	TOTAL	TOTAL	200.2651
S_tentoriicola	family1	86.M	DP8400011312BL	L01	217.6833
S_tentoriicola	family1	86.M	TOTAL	TOTAL	217.6833
S_tentoriicola	family1	91.S1	DP8400011312BL	L01	211.3928
S_tentoriicola	family1	91.S1	TOTAL	TOTAL	211.3928
S_tentoriicola	family1	92.S2	DP8400011525TR	L01	264.0383
S_tentoriicola	family1	92.S2	TOTAL	TOTAL	264.0383
S_tentoriicola	family1	93.S3	DP8400011525TR	L01	332.8672
S_tentoriicola	family1	93.S3	TOTAL	TOTAL	332.8672
S_tentoriicola	family1	94.S4	DP8400011454TL	L01	268.6502
S_tentoriicola	family1	94.S4	TOTAL	TOTAL	268.6502
S_tentoriicola	family1	95.S5	DP8400011454TL	L01	291.3730
S_tentoriicola	family1	95.S5	TOTAL	TOTAL	291.3730
S_tentoriicola	family1	96.S6	DP8400011454TL	L01	307.2236
S_tentoriicola	family1	96.S6	TOTAL	TOTAL	307.2236
S_tentoriicola	family2	100.S4	DP8400011678BR	L01	277.8498
S_tentoriicola	family2	100.S4	TOTAL	TOTAL	277.8498
S_tentoriicola	family2	101.S5	DP8400011678BR	L01	284.3536
S_tentoriicola	family2	101.S5	TOTAL	TOTAL	284.3536
S_tentoriicola	family2	102.S6	DP8400011786TL	L01	304.9002
S_tentoriicola	family2	102.S6	TOTAL	TOTAL	304.9002
S_tentoriicola	family2	82.F	DP8400011312BL	L01	163.6817
S_tentoriicola	family2	82.F	DP8400011737BL	L01	39.6150
S_tentoriicola	family2	82.F	TOTAL	TOTAL	203.2967
S_tentoriicola	family2	87.M	DP8400011312BL	L01	194.9563
S_tentoriicola	family2	87.M	TOTAL	TOTAL	194.9563
S_tentoriicola	family2	97.S1	DP8400011454TL	L01	288.5434
S_tentoriicola	family2	97.S1	TOTAL	TOTAL	288.5434
S_tentoriicola	family2	98.S2	DP8400011678BR	L01	244.1661
S_tentoriicola	family2	98.S2	TOTAL	TOTAL	244.1661
S_tentoriicola	family2	99.S3	DP8400011678BR	L01	240.9146
S_tentoriicola	family2	99.S3	TOTAL	TOTAL	240.9146
S_tentoriicola	family3	103.S1	DP8400011678BR	L01	296.9691
S_tentoriicola	family3	103.S1	TOTAL	TOTAL	296.9691
S_tentoriicola	family3	104.S2	DP8400011678BR	L01	282.4602
S_tentoriicola	family3	104.S2	TOTAL	TOTAL	282.4602
S_tentoriicola	family3	105.S3	DP8400011786TL	L01	340.7416
S_tentoriicola	family3	105.S3	TOTAL	TOTAL	340.7416
S_tentoriicola	family3	106.S4	DP8400011454TL	L01	340.0264
S_tentoriicola	family3	106.S4	TOTAL	TOTAL	340.0264
S_tentoriicola	family3	107.S5	DP8400011516TR	L01	191.6699
S_tentoriicola	family3	107.S5	TOTAL	TOTAL	191.6699
S_tentoriicola	family3	108.S6	DP8400011679BR	L01	467.9393
S_tentoriicola	family3	108.S6	TOTAL	TOTAL	467.9393
S_tentoriicola	family3	83.F	DP8400011312BL	L01	187.9814
S_tentoriicola	family3	83.F	TOTAL	TOTAL	187.9814
S_tentoriicola	family3	88.M	DP8400011312BL	L01	202.4756
S_tentoriicola	family3	88.M	TOTAL	TOTAL	202.4756
S_tentoriicola	family4	109.S1	DP8400011679BR	L01	352.2533
S_tentoriicola	family4	109.S1	TOTAL	TOTAL	352.2533
S_tentoriicola	family4	110.S2	DP8400011679BR	L01	371.1408
S_tentoriicola	family4	110.S2	TOTAL	TOTAL	371.1408
S_tentoriicola	family4	111.S3	DP8400011679BR	L01	230.4955
S_tentoriicola	family4	111.S3	TOTAL	TOTAL	230.4955
S_tentoriicola	family4	112.S4	DP8400011679BR	L01	424.0942
S_tentoriicola	family4	112.S4	TOTAL	TOTAL	424.0942
S_tentoriicola	family4	113.S5	DP8400011786TL	L01	425.4162
S_tentoriicola	family4	113.S5	TOTAL	TOTAL	425.4162
S_tentoriicola	family4	114.S6	DP8400011679BR	L01	477.4610
S_tentoriicola	family4	114.S6	TOTAL	TOTAL	477.4610
S_tentoriicola	family4	84.F	DP8400011312BL	L01	182.5251
S_tentoriicola	family4	84.F	TOTAL	TOTAL	182.5251
S_tentoriicola	family4	89.M	DP8400011312BL	L01	211.5822
S_tentoriicola	family4	89.M	TOTAL	TOTAL	211.5822
S_tentoriicola	family5	115.S1	DP8400011679BR	L01	397.1918
S_tentoriicola	family5	115.S1	TOTAL	TOTAL	397.1918
S_tentoriicola	family5	116.S2	DP8400011376TR	L01	83.5135
S_tentoriicola	family5	116.S2	FP100001127TL	L01	166.6174
S_tentoriicola	family5	116.S2	TOTAL	TOTAL	250.1309
S_tentoriicola	family5	117.S3	DP8400011516TR	L01	205.8262
S_tentoriicola	family5	117.S3	TOTAL	TOTAL	205.8262
S_tentoriicola	family5	118.S4	FP100001127TL	L01	190.5755
S_tentoriicola	family5	118.S4	TOTAL	TOTAL	190.5755
S_tentoriicola	family5	119.S5	FP100001127TL	L01	212.0884
S_tentoriicola	family5	119.S5	TOTAL	TOTAL	212.0884
S_tentoriicola	family5	120.S6	DP8400011516TR	L01	197.6105
S_tentoriicola	family5	120.S6	TOTAL	TOTAL	197.6105
S_tentoriicola	family5	85.F	DP8400011312BL	L01	183.6076
S_tentoriicola	family5	85.F	TOTAL	TOTAL	183.6076
S_tentoriicola	family5	90.M	DP8400011312BL	L01	209.0304
S_tentoriicola	family5	90.M	TOTAL	TOTAL	209.0304
