species	family	individual	round_id	lane	size_gb	coverage
S_africanus	family1	TB22_430-101_Ma	V350231703	L01	56.8864	20.97
S_africanus	family1	TB22_430-101_Ma	V350231703	L02	56.4302	20.81
S_africanus	family1	TB22_430-101_Ma	V350231703	L03	56.2372	20.73
S_africanus	family1	TB22_430-101_Ma	V350231703	L04	55.9305	20.62
S_africanus	family1	TB22_430-101_Ma	TOTAL	TOTAL	225.4843	83.13
S_africanus	family1	TB22_436_3_Fema	V350231703	L01	57.0260	21.02
S_africanus	family1	TB22_436_3_Fema	V350231703	L02	56.4763	20.82
S_africanus	family1	TB22_436_3_Fema	V350231703	L03	56.1925	20.72
S_africanus	family1	TB22_436_3_Fema	V350231703	L04	55.8041	20.57
S_africanus	family1	TB22_436_3_Fema	TOTAL	TOTAL	225.4990	83.14
S_africanus	family1	TB22_436_3_S1	V350231703	L01	56.8939	20.98
S_africanus	family1	TB22_436_3_S1	V350231703	L02	56.3915	20.79
S_africanus	family1	TB22_436_3_S1	V350231703	L03	56.1907	20.72
S_africanus	family1	TB22_436_3_S1	V350231703	L04	55.9072	20.61
S_africanus	family1	TB22_436_3_S1	TOTAL	TOTAL	225.3833	83.10
S_africanus	family1	TB22_436_3_S2	V350231703	L01	57.0724	21.04
S_africanus	family1	TB22_436_3_S2	V350231703	L02	56.5576	20.85
S_africanus	family1	TB22_436_3_S2	V350231703	L03	56.1371	20.70
S_africanus	family1	TB22_436_3_S2	V350231703	L04	55.8281	20.58
S_africanus	family1	TB22_436_3_S2	TOTAL	TOTAL	225.5952	83.17
S_africanus	family1	TB22_436_3_S3	V350231840	L01	57.6626	21.26
S_africanus	family1	TB22_436_3_S3	V350231840	L02	57.3442	21.14
S_africanus	family1	TB22_436_3_S3	V350231840	L03	54.4874	20.09
S_africanus	family1	TB22_436_3_S3	V350231840	L04	55.9750	20.64
S_africanus	family1	TB22_436_3_S3	TOTAL	TOTAL	225.4691	83.13
S_africanus	family1	TB22_436_3_S4	V350231840	L01	57.7970	21.31
S_africanus	family1	TB22_436_3_S4	V350231840	L02	57.2667	21.11
S_africanus	family1	TB22_436_3_S4	V350231840	L03	54.5141	20.10
S_africanus	family1	TB22_436_3_S4	V350231840	L04	56.0194	20.65
S_africanus	family1	TB22_436_3_S4	TOTAL	TOTAL	225.5972	83.17
S_africanus	family1	TB22_436_3_S5	V350231840	L01	57.5905	21.23
S_africanus	family1	TB22_436_3_S5	V350231840	L02	57.1055	21.05
S_africanus	family1	TB22_436_3_S5	V350231840	L03	54.7423	20.18
S_africanus	family1	TB22_436_3_S5	V350231840	L04	56.0534	20.67
S_africanus	family1	TB22_436_3_S5	TOTAL	TOTAL	225.4916	83.14
S_africanus	family1	TB22_436_3_S6	V350231840	L01	57.5462	21.22
S_africanus	family1	TB22_436_3_S6	V350231840	L02	57.2863	21.12
S_africanus	family1	TB22_436_3_S6	V350231840	L03	54.7053	20.17
S_africanus	family1	TB22_436_3_S6	V350231840	L04	55.9711	20.64
S_africanus	family1	TB22_436_3_S6	TOTAL	TOTAL	225.5088	83.14
S_africanus	family2	TB22_440_5_Fema	V350235689	L01	57.0462	21.03
S_africanus	family2	TB22_440_5_Fema	V350235689	L02	58.0131	21.39
S_africanus	family2	TB22_440_5_Fema	V350235689	L03	56.6901	20.90
S_africanus	family2	TB22_440_5_Fema	V350235689	L04	53.6496	19.78
S_africanus	family2	TB22_440_5_Fema	TOTAL	TOTAL	225.3990	83.10
S_africanus	family2	TB22_440_5_S1	V350235689	L01	56.9599	21.00
S_africanus	family2	TB22_440_5_S1	V350235689	L02	57.5229	21.21
S_africanus	family2	TB22_440_5_S1	V350235689	L03	56.3829	20.79
S_africanus	family2	TB22_440_5_S1	V350235689	L04	54.6393	20.14
S_africanus	family2	TB22_440_5_S1	TOTAL	TOTAL	225.5050	83.14
S_africanus	family2	TB22_440_5_S2	V350235689	L01	57.0770	21.04
S_africanus	family2	TB22_440_5_S2	V350235689	L02	57.8450	21.33
S_africanus	family2	TB22_440_5_S2	V350235689	L03	56.6465	20.88
S_africanus	family2	TB22_440_5_S2	V350235689	L04	53.9445	19.89
S_africanus	family2	TB22_440_5_S2	TOTAL	TOTAL	225.5130	83.14
S_africanus	family2	TB22_440_5_S3	V350235693	L01	54.7587	20.19
S_africanus	family2	TB22_440_5_S3	V350235693	L02	56.2007	20.72
S_africanus	family2	TB22_440_5_S3	V350235693	L03	57.4518	21.18
S_africanus	family2	TB22_440_5_S3	V350235693	L04	57.0729	21.04
S_africanus	family2	TB22_440_5_S3	TOTAL	TOTAL	225.4841	83.13
S_africanus	family2	TB22_440_5_S4	V350235693	L01	54.9891	20.27
S_africanus	family2	TB22_440_5_S4	V350235693	L02	56.2595	20.74
S_africanus	family2	TB22_440_5_S4	V350235693	L03	57.4808	21.19
S_africanus	family2	TB22_440_5_S4	V350235693	L04	56.7746	20.93
S_africanus	family2	TB22_440_5_S4	TOTAL	TOTAL	225.5040	83.14
S_africanus	family2	TB22_440_5_S5	V350235693	L01	54.6837	20.16
S_africanus	family2	TB22_440_5_S5	V350235693	L02	56.2955	20.76
S_africanus	family2	TB22_440_5_S5	V350235693	L03	57.3202	21.13
S_africanus	family2	TB22_440_5_S5	V350235693	L04	57.2468	21.11
S_africanus	family2	TB22_440_5_S5	TOTAL	TOTAL	225.5462	83.16
S_africanus	family2	TB22_440_5_S6	V350235693	L01	54.8743	20.23
S_africanus	family2	TB22_440_5_S6	V350235693	L02	56.3123	20.76
S_africanus	family2	TB22_440_5_S6	V350235693	L03	57.4303	21.17
S_africanus	family2	TB22_440_5_S6	V350235693	L04	56.9264	20.99
S_africanus	family2	TB22_440_5_S6	TOTAL	TOTAL	225.5434	83.15
S_africanus	family2	TB22_445_103_Ma	V350235689	L01	57.3641	21.15
S_africanus	family2	TB22_445_103_Ma	V350235689	L02	58.1930	21.45
S_africanus	family2	TB22_445_103_Ma	V350235689	L03	56.3255	20.77
S_africanus	family2	TB22_445_103_Ma	V350235689	L04	52.9709	19.53
S_africanus	family2	TB22_445_103_Ma	TOTAL	TOTAL	224.8534	82.90
S_africanus	family3	TB22_442_1_Fema	V350236431	L01	58.6999	21.64
S_africanus	family3	TB22_442_1_Fema	V350236431	L02	56.2659	20.74
S_africanus	family3	TB22_442_1_Fema	V350236431	L03	56.6291	20.88
S_africanus	family3	TB22_442_1_Fema	V350236431	L04	53.9002	19.87
S_africanus	family3	TB22_442_1_Fema	TOTAL	TOTAL	225.4950	83.14
S_africanus	family3	TB22_442_1_S1	V350236431	L01	58.9319	21.73
S_africanus	family3	TB22_442_1_S1	V350236431	L02	55.9447	20.63
S_africanus	family3	TB22_442_1_S1	V350236431	L03	56.4024	20.79
S_africanus	family3	TB22_442_1_S1	V350236431	L04	54.2771	20.01
S_africanus	family3	TB22_442_1_S1	TOTAL	TOTAL	225.5560	83.16
S_africanus	family3	TB22_442_1_S2	V350236431	L01	56.6943	20.90
S_africanus	family3	TB22_442_1_S2	V350236431	L02	53.3219	19.66
S_africanus	family3	TB22_442_1_S2	V350236431	L03	54.8599	20.23
S_africanus	family3	TB22_442_1_S2	V350236431	L04	52.5217	19.36
S_africanus	family3	TB22_442_1_S2	TOTAL	TOTAL	217.3977	80.15
S_africanus	family3	TB22_442_1_S3	V350231722	L01	47.0221	17.34
S_africanus	family3	TB22_442_1_S3	V350231722	L02	45.9443	16.94
S_africanus	family3	TB22_442_1_S3	V350231722	L03	46.7191	17.22
S_africanus	family3	TB22_442_1_S3	V350231722	L04	46.9848	17.32
S_africanus	family3	TB22_442_1_S3	TOTAL	TOTAL	186.6703	68.82
S_africanus	family3	TB22_442_1_S4	V350231722	L01	56.1157	20.69
S_africanus	family3	TB22_442_1_S4	V350231722	L02	57.0546	21.04
S_africanus	family3	TB22_442_1_S4	V350231722	L03	56.0314	20.66
S_africanus	family3	TB22_442_1_S4	V350231722	L04	56.2434	20.74
S_africanus	family3	TB22_442_1_S4	TOTAL	TOTAL	225.4450	83.12
S_africanus	family3	TB22_442_1_S5	V350231722	L01	56.5252	20.84
S_africanus	family3	TB22_442_1_S5	V350231722	L02	56.6265	20.88
S_africanus	family3	TB22_442_1_S5	V350231722	L03	56.0805	20.68
S_africanus	family3	TB22_442_1_S5	V350231722	L04	56.2710	20.75
S_africanus	family3	TB22_442_1_S5	TOTAL	TOTAL	225.5032	83.14
S_africanus	family3	TB22_442_1_S6	V350231722	L01	56.3666	20.78
S_africanus	family3	TB22_442_1_S6	V350231722	L02	56.7102	20.91
S_africanus	family3	TB22_442_1_S6	V350231722	L03	56.2105	20.72
S_africanus	family3	TB22_442_1_S6	V350231722	L04	56.3057	20.76
S_africanus	family3	TB22_442_1_S6	TOTAL	TOTAL	225.5931	83.17
S_africanus	family3	TB22_442_7_Male	V350236431	L01	58.0898	21.42
S_africanus	family3	TB22_442_7_Male	V350236431	L02	56.2872	20.75
S_africanus	family3	TB22_442_7_Male	V350236431	L03	56.6231	20.88
S_africanus	family3	TB22_442_7_Male	V350236431	L04	54.5649	20.12
S_africanus	family3	TB22_442_7_Male	TOTAL	TOTAL	225.5650	83.16
S_africanus	family4	TB22_442_4_Male	V350223442	L01	58.6762	21.63
S_africanus	family4	TB22_442_4_Male	V350223442	L02	54.7958	20.20
S_africanus	family4	TB22_442_4_Male	V350223442	L03	56.1016	20.68
S_africanus	family4	TB22_442_4_Male	V350223442	L04	55.9612	20.63
S_africanus	family4	TB22_442_4_Male	TOTAL	TOTAL	225.5349	83.15
S_africanus	family4	TB22_442_6_Fema	V350223442	L01	57.4122	21.17
S_africanus	family4	TB22_442_6_Fema	V350223442	L02	54.9456	20.26
S_africanus	family4	TB22_442_6_Fema	V350223442	L03	56.8207	20.95
S_africanus	family4	TB22_442_6_Fema	V350223442	L04	56.3298	20.77
S_africanus	family4	TB22_442_6_Fema	TOTAL	TOTAL	225.5083	83.14
S_africanus	family4	TB22_442_6_S1	V350223442	L01	57.9997	21.38
S_africanus	family4	TB22_442_6_S1	V350223442	L02	54.7118	20.17
S_africanus	family4	TB22_442_6_S1	V350223442	L03	56.4337	20.81
S_africanus	family4	TB22_442_6_S1	V350223442	L04	56.2820	20.75
S_africanus	family4	TB22_442_6_S1	TOTAL	TOTAL	225.4273	83.11
S_africanus	family4	TB22_442_6_S2	V350223442	L01	33.7177	12.43
S_africanus	family4	TB22_442_6_S2	V350223442	L02	33.3122	12.28
S_africanus	family4	TB22_442_6_S2	V350223442	L03	34.5254	12.73
S_africanus	family4	TB22_442_6_S2	V350223442	L04	34.6661	12.78
S_africanus	family4	TB22_442_6_S2	V350228912	L01	25.3090	9.33
S_africanus	family4	TB22_442_6_S2	V350228912	L02	24.9342	9.19
S_africanus	family4	TB22_442_6_S2	V350228912	L03	25.4010	9.36
S_africanus	family4	TB22_442_6_S2	TOTAL	TOTAL	211.8656	78.11
S_africanus	family4	TB22_442_6_S3	V350223445	L01	48.3914	17.84
S_africanus	family4	TB22_442_6_S3	V350223445	L02	45.4903	16.77
S_africanus	family4	TB22_442_6_S3	V350223445	L03	46.5306	17.16
S_africanus	family4	TB22_442_6_S3	V350223445	L04	49.2847	18.17
S_africanus	family4	TB22_442_6_S3	TOTAL	TOTAL	189.6970	69.94
S_africanus	family4	TB22_442_6_S4	V350223445	L01	58.1118	21.42
S_africanus	family4	TB22_442_6_S4	V350223445	L02	54.1911	19.98
S_africanus	family4	TB22_442_6_S4	V350223445	L03	55.1158	20.32
S_africanus	family4	TB22_442_6_S4	V350223445	L04	58.0428	21.40
S_africanus	family4	TB22_442_6_S4	TOTAL	TOTAL	225.4615	83.12
S_africanus	family4	TB22_442_6_S5	V350223445	L01	58.0070	21.39
S_africanus	family4	TB22_442_6_S5	V350223445	L02	55.6637	20.52
S_africanus	family4	TB22_442_6_S5	V350223445	L03	54.8885	20.24
S_africanus	family4	TB22_442_6_S5	V350223445	L04	56.9094	20.98
S_africanus	family4	TB22_442_6_S5	TOTAL	TOTAL	225.4687	83.13
S_africanus	family4	TB22_442_6_S6	V350223445	L01	58.3675	21.52
S_africanus	family4	TB22_442_6_S6	V350223445	L02	54.8634	20.23
S_africanus	family4	TB22_442_6_S6	V350223445	L03	54.9958	20.28
S_africanus	family4	TB22_442_6_S6	V350223445	L04	57.2245	21.10
S_africanus	family4	TB22_442_6_S6	TOTAL	TOTAL	225.4511	83.12
S_bicolor	family1	S.bic_150.20_S1	V350166422	L01	221.5123	79.70
S_bicolor	family1	S.bic_150.20_S1	TOTAL	TOTAL	221.5123	79.70
S_bicolor	family1	S.bic_150.20_S2	V350166422	L02	225.3676	81.08
S_bicolor	family1	S.bic_150.20_S2	TOTAL	TOTAL	225.3676	81.08
S_bicolor	family1	S.bic_150.20_S3	V350166422	L03	225.3229	81.07
S_bicolor	family1	S.bic_150.20_S3	TOTAL	TOTAL	225.3229	81.07
S_bicolor	family1	S.bic_150.20_S4	V350166422	L04	225.3423	81.07
S_bicolor	family1	S.bic_150.20_S4	TOTAL	TOTAL	225.3423	81.07
S_bicolor	family1	S.bic_150.20_S5	V350149154	L01	225.3670	81.08
S_bicolor	family1	S.bic_150.20_S5	TOTAL	TOTAL	225.3670	81.08
S_bicolor	family1	S.bic_150.20_S6	V350149154	L02	225.3126	81.06
S_bicolor	family1	S.bic_150.20_S6	TOTAL	TOTAL	225.3126	81.06
S_bicolor	family1	S.bic_150.20_female	V350167939	L04	225.3145	81.06
S_bicolor	family1	S.bic_150.20_female	TOTAL	TOTAL	225.3145	81.06
S_bicolor	family1	S.bic_262.11_male	V350149154	L03	225.3211	81.07
S_bicolor	family1	S.bic_262.11_male	TOTAL	TOTAL	225.3211	81.07
S_bicolor	family2	S.bic_150.6_S1	V350145631	L04	225.3919	81.09
S_bicolor	family2	S.bic_150.6_S1	TOTAL	TOTAL	225.3919	81.09
S_bicolor	family2	S.bic_150.6_S2	V350145634	L01	225.3762	81.09
S_bicolor	family2	S.bic_150.6_S2	TOTAL	TOTAL	225.3762	81.09
S_bicolor	family2	S.bic_150.6_S3	V350145634	L02	225.3603	81.08
S_bicolor	family2	S.bic_150.6_S3	TOTAL	TOTAL	225.3603	81.08
S_bicolor	family2	S.bic_150.6_S4	V350167939	L01	225.3344	81.07
S_bicolor	family2	S.bic_150.6_S4	TOTAL	TOTAL	225.3344	81.07
S_bicolor	family2	S.bic_150.6_S5	V350167939	L02	225.3601	81.08
S_bicolor	family2	S.bic_150.6_S5	TOTAL	TOTAL	225.3601	81.08
S_bicolor	family2	S.bic_150.6_S6	V350167939	L03	225.3908	81.09
S_bicolor	family2	S.bic_150.6_S6	TOTAL	TOTAL	225.3908	81.09
S_bicolor	family2	S.bic_150.6_female	V350145631	L03	51.5224	18.54
S_bicolor	family2	S.bic_150.6_female	V350168607	L01	37.4679	13.48
S_bicolor	family2	S.bic_150.6_female	V350168607	L02	38.0369	13.68
S_bicolor	family2	S.bic_150.6_female	V350168607	L03	37.8483	13.62
S_bicolor	family2	S.bic_150.6_female	V350168607	L04	37.2437	13.40
S_bicolor	family2	S.bic_150.6_female	TOTAL	TOTAL	202.1192	72.72
S_bicolor	family2	S.bic_262.N5_male	V350149154	L04	225.3422	81.07
S_bicolor	family2	S.bic_262.N5_male	TOTAL	TOTAL	225.3422	81.07
S_bicolor	family3	150.9_1	V350194601	L03	225.3416	81.07
S_bicolor	family3	150.9_1	TOTAL	TOTAL	225.3416	81.07
S_bicolor	family3	150.9_2	V350194601	L04	225.3594	81.08
S_bicolor	family3	150.9_2	TOTAL	TOTAL	225.3594	81.08
S_bicolor	family3	150.9_3	V350194542	L01	225.3543	81.08
S_bicolor	family3	150.9_3	TOTAL	TOTAL	225.3543	81.08
S_bicolor	family3	150.9_4	V350194661	L04	225.3683	81.08
S_bicolor	family3	150.9_4	TOTAL	TOTAL	225.3683	81.08
S_bicolor	family3	150.9_5	V350194704	L01	225.3804	81.09
S_bicolor	family3	150.9_5	TOTAL	TOTAL	225.3804	81.09
S_bicolor	family3	150.9_6	V350194704	L02	225.3597	81.08
S_bicolor	family3	150.9_6	TOTAL	TOTAL	225.3597	81.08
S_bicolor	family3	150.9_female	V350167206	L04	113.0972	40.69
S_bicolor	family3	150.9_female	V350168683	L01	124.3141	44.73
S_bicolor	family3	150.9_female	TOTAL	TOTAL	237.4113	85.42
S_bicolor	family3	262.N3_male	V350194632	L04	225.3928	81.09
S_bicolor	family3	262.N3_male	TOTAL	TOTAL	225.3928	81.09
S_bicolor	family4	142.1_male	V350194632	L03	225.3371	81.07
S_bicolor	family4	142.1_male	TOTAL	TOTAL	225.3371	81.07
S_bicolor	family4	262.6_1	V350194550	L01	225.3489	81.08
S_bicolor	family4	262.6_1	TOTAL	TOTAL	225.3489	81.08
S_bicolor	family4	262.6_2	V350194550	L02	225.3609	81.08
S_bicolor	family4	262.6_2	TOTAL	TOTAL	225.3609	81.08
S_bicolor	family4	262.6_3	V350194550	L03	225.3433	81.07
S_bicolor	family4	262.6_3	TOTAL	TOTAL	225.3433	81.07
S_bicolor	family4	262.6_4	V350194550	L04	225.3508	81.08
S_bicolor	family4	262.6_4	TOTAL	TOTAL	225.3508	81.08
S_bicolor	family4	262.6_5	V350194601	L01	225.3090	81.06
S_bicolor	family4	262.6_5	TOTAL	TOTAL	225.3090	81.06
S_bicolor	family4	262.6_6	V350194601	L02	225.3641	81.08
S_bicolor	family4	262.6_6	TOTAL	TOTAL	225.3641	81.08
S_bicolor	family4	262.6_female	V350194597	L01	225.3745	81.08
S_bicolor	family4	262.6_female	TOTAL	TOTAL	225.3745	81.08
S_bicolor	family5	150.N8_male	V350194632	L02	225.3475	81.08
S_bicolor	family5	150.N8_male	TOTAL	TOTAL	225.3475	81.08
S_bicolor	family5	262.8_1	V350194597	L03	225.4007	81.09
S_bicolor	family5	262.8_1	TOTAL	TOTAL	225.4007	81.09
S_bicolor	family5	262.8_2	V350194597	L04	225.3771	81.09
S_bicolor	family5	262.8_2	TOTAL	TOTAL	225.3771	81.09
S_bicolor	family5	262.8_3	V350194555	L01	225.3952	81.09
S_bicolor	family5	262.8_3	TOTAL	TOTAL	225.3952	81.09
S_bicolor	family5	262.8_4	V350194555	L02	225.3460	81.07
S_bicolor	family5	262.8_4	TOTAL	TOTAL	225.3460	81.07
S_bicolor	family5	262.8_5	V350194555	L03	225.3063	81.06
S_bicolor	family5	262.8_5	TOTAL	TOTAL	225.3063	81.06
S_bicolor	family5	262.8_6	V350194555	L04	225.3686	81.08
S_bicolor	family5	262.8_6	TOTAL	TOTAL	225.3686	81.08
S_bicolor	family5	262.8_female	V350194597	L02	225.3214	81.07
S_bicolor	family5	262.8_female	TOTAL	TOTAL	225.3214	81.07
S_dumicola	family1	41.F	DP8400011678BR	L01	286.3564	97.72
S_dumicola	family1	41.F	TOTAL	TOTAL	286.3564	97.72
S_dumicola	family1	46.M	DP8400011310BL	L01	247.2845	84.39
S_dumicola	family1	46.M	TOTAL	TOTAL	247.2845	84.39
S_dumicola	family1	51.S1	DP8400011310BL	L01	236.7093	80.78
S_dumicola	family1	51.S1	TOTAL	TOTAL	236.7093	80.78
S_dumicola	family1	52.S2	DP8400011310BL	L01	257.3707	87.83
S_dumicola	family1	52.S2	TOTAL	TOTAL	257.3707	87.83
S_dumicola	family1	53.S3	DP8400011310BL	L01	236.9660	80.87
S_dumicola	family1	53.S3	TOTAL	TOTAL	236.9660	80.87
S_dumicola	family1	54.S4	DP8400011448TR	L01	297.2008	101.42
S_dumicola	family1	54.S4	TOTAL	TOTAL	297.2008	101.42
S_dumicola	family1	55.S5	DP8400011310BL	L01	227.9784	77.80
S_dumicola	family1	55.S5	TOTAL	TOTAL	227.9784	77.80
S_dumicola	family1	56.S6	DP8400011448TR	L01	296.9274	101.33
S_dumicola	family1	56.S6	TOTAL	TOTAL	296.9274	101.33
S_dumicola	family2	42.F	DP8400011680BR	L01	402.6633	137.41
S_dumicola	family2	42.F	TOTAL	TOTAL	402.6633	137.41
S_dumicola	family2	47.M	DP8400011310BL	L01	230.0312	78.50
S_dumicola	family2	47.M	TOTAL	TOTAL	230.0312	78.50
S_dumicola	family2	57.S1	DP8400011440TR	L01	165.5385	56.49
S_dumicola	family2	57.S1	DP8400011680BR	L01	69.9701	23.88
S_dumicola	family2	57.S1	TOTAL	TOTAL	235.5086	80.37
S_dumicola	family2	58.S2	DP8400011448TR	L01	329.3241	112.38
S_dumicola	family2	58.S2	TOTAL	TOTAL	329.3241	112.38
S_dumicola	family2	59.S3	DP8400011440TR	L01	158.2734	54.01
S_dumicola	family2	59.S3	DP8400011680BR	L01	69.2354	23.63
S_dumicola	family2	59.S3	TOTAL	TOTAL	227.5088	77.64
S_dumicola	family2	60.S4	DP8400011454TL	L01	231.8433	79.12
S_dumicola	family2	60.S4	TOTAL	TOTAL	231.8433	79.12
S_dumicola	family2	61.S5	DP8400011312BL	L01	201.6197	68.80
S_dumicola	family2	61.S5	TOTAL	TOTAL	201.6197	68.80
S_dumicola	family2	62.S6	DP8400011312BL	L01	215.2458	73.45
S_dumicola	family2	62.S6	TOTAL	TOTAL	215.2458	73.45
S_dumicola	family3	43.F	DP8400011310BL	L01	240.5681	82.09
S_dumicola	family3	43.F	TOTAL	TOTAL	240.5681	82.09
S_dumicola	family3	48.M	DP8400011454TL	L01	294.1133	100.37
S_dumicola	family3	48.M	TOTAL	TOTAL	294.1133	100.37
S_dumicola	family3	63.S1	DP8400011454TL	L01	231.0683	78.85
S_dumicola	family3	63.S1	TOTAL	TOTAL	231.0683	78.85
S_dumicola	family3	64.S2	DP8400011440TR	L01	138.4194	47.24
S_dumicola	family3	64.S2	DP8400011680BR	L01	129.0858	44.05
S_dumicola	family3	64.S2	TOTAL	TOTAL	267.5052	91.29
S_dumicola	family3	65.S3	DP8400011440TR	L01	178.0233	60.75
S_dumicola	family3	65.S3	DP8400011680BR	L01	57.2545	19.54
S_dumicola	family3	65.S3	TOTAL	TOTAL	235.2777	80.29
S_dumicola	family3	66.S4	DP8400011440TR	L01	180.3813	61.56
S_dumicola	family3	66.S4	DP8400011680BR	L01	53.6212	18.30
S_dumicola	family3	66.S4	TOTAL	TOTAL	234.0025	79.85
S_dumicola	family3	67.S5	DP8400011440TR	L01	172.3897	58.83
S_dumicola	family3	67.S5	DP8400011680BR	L01	66.8599	22.82
S_dumicola	family3	67.S5	TOTAL	TOTAL	239.2496	81.64
S_dumicola	family3	68.S6	DP8400011440TR	L01	167.7906	57.26
S_dumicola	family3	68.S6	DP8400011680BR	L01	70.8533	24.18
S_dumicola	family3	68.S6	TOTAL	TOTAL	238.6439	81.44
S_dumicola	family4	44.F	DP8400011310BL	L01	200.2446	68.33
S_dumicola	family4	44.F	TOTAL	TOTAL	200.2446	68.33
S_dumicola	family4	49.M	DP8400011310BL	L01	227.8082	77.74
S_dumicola	family4	49.M	TOTAL	TOTAL	227.8082	77.74
S_dumicola	family4	69.S1	DP8400011440TR	L01	181.0523	61.78
S_dumicola	family4	69.S1	DP8400011680BR	L01	62.6535	21.38
S_dumicola	family4	69.S1	TOTAL	TOTAL	243.7058	83.17
S_dumicola	family4	70.S2	DP8400011448TR	L01	345.4774	117.90
S_dumicola	family4	70.S2	TOTAL	TOTAL	345.4774	117.90
S_dumicola	family4	71.S3	DP8400011440TR	L01	164.7217	56.21
S_dumicola	family4	71.S3	DP8400011680BR	L01	80.7655	27.56
S_dumicola	family4	71.S3	TOTAL	TOTAL	245.4873	83.77
S_dumicola	family4	72.S4	DP8400011440TR	L01	159.7279	54.51
S_dumicola	family4	72.S4	DP8400011680BR	L01	76.2962	26.04
S_dumicola	family4	72.S4	TOTAL	TOTAL	236.0241	80.54
S_dumicola	family4	73.S5	DP8400011440TR	L01	169.5119	57.85
S_dumicola	family4	73.S5	DP8400011680BR	L01	68.0883	23.24
S_dumicola	family4	73.S5	TOTAL	TOTAL	237.6002	81.08
S_dumicola	family4	74.S6	DP8400011440TR	L01	172.9865	59.03
S_dumicola	family4	74.S6	DP8400011680BR	L01	56.4407	19.26
S_dumicola	family4	74.S6	TOTAL	TOTAL	229.4272	78.29
S_dumicola	family5	45.F	DP8400011452TL	L01	276.7146	94.43
S_dumicola	family5	45.F	TOTAL	TOTAL	276.7146	94.43
S_dumicola	family5	50.M	DP8400011310BL	L01	252.5707	86.19
S_dumicola	family5	50.M	TOTAL	TOTAL	252.5707	86.19
S_dumicola	family5	75.S1	DP8400011440TR	L01	158.3663	54.04
S_dumicola	family5	75.S1	DP8400011680BR	L01	80.6462	27.52
S_dumicola	family5	75.S1	TOTAL	TOTAL	239.0125	81.56
S_dumicola	family5	76.S2	DP8400011440TR	L01	172.1002	58.73
S_dumicola	family5	76.S2	DP8400011680BR	L01	59.2307	20.21
S_dumicola	family5	76.S2	TOTAL	TOTAL	231.3308	78.94
S_dumicola	family5	77.S3	DP8400011440TR	L01	186.0811	63.50
S_dumicola	family5	77.S3	TOTAL	TOTAL	186.0811	63.50
S_dumicola	family5	78.S4	DP8400011312BL	L01	201.8861	68.89
S_dumicola	family5	78.S4	TOTAL	TOTAL	201.8861	68.89
S_dumicola	family5	79.S5	DP8400011312BL	L01	171.8680	58.65
S_dumicola	family5	79.S5	DP8400011737BL	L01	36.9573	12.61
S_dumicola	family5	79.S5	TOTAL	TOTAL	208.8253	71.26
S_dumicola	family5	80.S6	DP8400011312BL	L01	178.2404	60.83
S_dumicola	family5	80.S6	DP8400011737BL	L01	37.5333	12.81
S_dumicola	family5	80.S6	TOTAL	TOTAL	215.7737	73.63
S_lineatus	family1	Slin-A8-F	V300088307	L4	15.6096	6.31
S_lineatus	family1	Slin-A8-F	V300088321	L1	14.3451	5.79
S_lineatus	family1	Slin-A8-F	V300088321	L2	14.1620	5.72
S_lineatus	family1	Slin-A8-F	V300088321	L3	13.0361	5.27
S_lineatus	family1	Slin-A8-F	V300088752	L3	35.5924	14.38
S_lineatus	family1	Slin-A8-F	V300088752	L4	36.6989	14.82
S_lineatus	family1	Slin-A8-F	V300101732	L1	38.8754	15.70
S_lineatus	family1	Slin-A8-F	V300101732	L2	38.8337	15.69
S_lineatus	family1	Slin-A8-F	V300101732	L3	36.8528	14.89
S_lineatus	family1	Slin-A8-F	V300101732	L4	37.4570	15.13
S_lineatus	family1	Slin-A8-F	TOTAL	TOTAL	281.4631	113.69
S_lineatus	family1	Slin-A8-S1	V300088307	L4	17.3044	6.99
S_lineatus	family1	Slin-A8-S1	V300088321	L1	15.9218	6.43
S_lineatus	family1	Slin-A8-S1	V300088321	L2	15.7039	6.34
S_lineatus	family1	Slin-A8-S1	V300088321	L3	14.4568	5.84
S_lineatus	family1	Slin-A8-S1	V300088752	L3	39.5078	15.96
S_lineatus	family1	Slin-A8-S1	V300088752	L4	40.8868	16.52
S_lineatus	family1	Slin-A8-S1	V300101732	L1	42.7778	17.28
S_lineatus	family1	Slin-A8-S1	V300101732	L2	42.7226	17.26
S_lineatus	family1	Slin-A8-S1	V300101732	L3	40.4585	16.34
S_lineatus	family1	Slin-A8-S1	V300101732	L4	41.1833	16.64
S_lineatus	family1	Slin-A8-S1	TOTAL	TOTAL	310.9237	125.59
S_lineatus	family1	Slin-A8-S2	V300088301	L4	32.2137	13.01
S_lineatus	family1	Slin-A8-S2	V300088321	L4	16.6945	6.74
S_lineatus	family1	Slin-A8-S2	V300088397	L1	39.5664	15.98
S_lineatus	family1	Slin-A8-S2	V300088397	L2	39.3317	15.89
S_lineatus	family1	Slin-A8-S2	V300088397	L3	36.8631	14.89
S_lineatus	family1	Slin-A8-S2	V300088397	L4	37.5021	15.15
S_lineatus	family1	Slin-A8-S2	V300088430	L1	36.0353	14.56
S_lineatus	family1	Slin-A8-S2	TOTAL	TOTAL	238.2067	96.22
S_lineatus	family1	Slin-A8-S3	V300088301	L4	30.2980	12.24
S_lineatus	family1	Slin-A8-S3	V300088321	L4	15.3769	6.21
S_lineatus	family1	Slin-A8-S3	V300088397	L1	37.3682	15.09
S_lineatus	family1	Slin-A8-S3	V300088397	L2	37.0855	14.98
S_lineatus	family1	Slin-A8-S3	V300088397	L3	34.6210	13.98
S_lineatus	family1	Slin-A8-S3	V300088397	L4	35.3921	14.30
S_lineatus	family1	Slin-A8-S3	V300088430	L1	33.7451	13.63
S_lineatus	family1	Slin-A8-S3	TOTAL	TOTAL	223.8869	90.43
S_lineatus	family1	Slin-A8-S4	V300088301	L4	30.6271	12.37
S_lineatus	family1	Slin-A8-S4	V300088321	L4	15.3346	6.19
S_lineatus	family1	Slin-A8-S4	V300088397	L1	36.8820	14.90
S_lineatus	family1	Slin-A8-S4	V300088397	L2	36.5812	14.78
S_lineatus	family1	Slin-A8-S4	V300088397	L3	34.2795	13.85
S_lineatus	family1	Slin-A8-S4	V300088397	L4	35.0557	14.16
S_lineatus	family1	Slin-A8-S4	V300088430	L1	33.6289	13.58
S_lineatus	family1	Slin-A8-S4	TOTAL	TOTAL	222.3889	89.83
S_lineatus	family1	Slin-A8-S5	V300088301	L4	31.9024	12.89
S_lineatus	family1	Slin-A8-S5	V300088321	L4	16.2282	6.56
S_lineatus	family1	Slin-A8-S5	V300088397	L1	39.1342	15.81
S_lineatus	family1	Slin-A8-S5	V300088397	L2	38.8366	15.69
S_lineatus	family1	Slin-A8-S5	V300088397	L3	36.2371	14.64
S_lineatus	family1	Slin-A8-S5	V300088397	L4	37.0862	14.98
S_lineatus	family1	Slin-A8-S5	V300088430	L1	35.2480	14.24
S_lineatus	family1	Slin-A8-S5	TOTAL	TOTAL	234.6726	94.79
S_lineatus	family1	Slin-A8-S6	V300088301	L4	32.8603	13.27
S_lineatus	family1	Slin-A8-S6	V300088321	L4	16.5855	6.70
S_lineatus	family1	Slin-A8-S6	V300088397	L1	39.7851	16.07
S_lineatus	family1	Slin-A8-S6	V300088397	L2	39.5120	15.96
S_lineatus	family1	Slin-A8-S6	V300088397	L3	36.7413	14.84
S_lineatus	family1	Slin-A8-S6	V300088397	L4	37.5476	15.17
S_lineatus	family1	Slin-A8-S6	V300088430	L1	36.0454	14.56
S_lineatus	family1	Slin-A8-S6	TOTAL	TOTAL	239.0772	96.57
S_lineatus	family1	Slin-E5-M	V300088307	L4	19.7822	7.99
S_lineatus	family1	Slin-E5-M	V300088321	L1	18.2745	7.38
S_lineatus	family1	Slin-E5-M	V300088321	L2	18.0325	7.28
S_lineatus	family1	Slin-E5-M	V300088321	L3	16.7210	6.75
S_lineatus	family1	Slin-E5-M	V300088752	L3	41.6277	16.81
S_lineatus	family1	Slin-E5-M	V300088752	L4	42.7781	17.28
S_lineatus	family1	Slin-E5-M	V300101732	L1	44.3349	17.91
S_lineatus	family1	Slin-E5-M	V300101732	L2	44.1341	17.83
S_lineatus	family1	Slin-E5-M	V300101732	L3	42.2036	17.05
S_lineatus	family1	Slin-E5-M	V300101732	L4	42.7673	17.28
S_lineatus	family1	Slin-E5-M	TOTAL	TOTAL	330.6561	133.56
S_lineatus	family2	BOSK.16.F	V350108233	L02	225.4796	91.08
S_lineatus	family2	BOSK.16.F	TOTAL	TOTAL	225.4796	91.08
S_lineatus	family2	BOSK.16.M	V350108233	L03	225.6028	91.13
S_lineatus	family2	BOSK.16.M	TOTAL	TOTAL	225.6028	91.13
S_lineatus	family2	BOSK.16.S1	V350109501	L04	191.5283	77.36
S_lineatus	family2	BOSK.16.S1	V350109629	L04	49.6286	20.05
S_lineatus	family2	BOSK.16.S1	TOTAL	TOTAL	241.1569	97.41
S_lineatus	family2	BOSK.16.S2	V350108243	L01	224.9672	90.87
S_lineatus	family2	BOSK.16.S2	TOTAL	TOTAL	224.9672	90.87
S_lineatus	family2	BOSK.16.S3	V350108243	L02	224.8285	90.82
S_lineatus	family2	BOSK.16.S3	TOTAL	TOTAL	224.8285	90.82
S_lineatus	family2	BOSK.16.S4	V350108243	L03	224.7588	90.79
S_lineatus	family2	BOSK.16.S4	TOTAL	TOTAL	224.7588	90.79
S_lineatus	family2	BOSK.16.S5	V350108243	L04	224.7657	90.79
S_lineatus	family2	BOSK.16.S5	TOTAL	TOTAL	224.7657	90.79
S_lineatus	family2	BOSK.16.S6	V350108233	L01	225.4773	91.08
S_lineatus	family2	BOSK.16.S6	TOTAL	TOTAL	225.4773	91.08
S_lineatus	family3	BOSK.23.F	V350109703	L01	225.6133	91.13
S_lineatus	family3	BOSK.23.F	TOTAL	TOTAL	225.6133	91.13
S_lineatus	family3	BOSK.23.M	V350109703	L04	225.5975	91.13
S_lineatus	family3	BOSK.23.M	TOTAL	TOTAL	225.5975	91.13
S_lineatus	family3	BOSK.23.S1	V350109641	L02	224.8977	90.84
S_lineatus	family3	BOSK.23.S1	TOTAL	TOTAL	224.8977	90.84
S_lineatus	family3	BOSK.23.S2	V350109641	L03	224.8896	90.84
S_lineatus	family3	BOSK.23.S2	TOTAL	TOTAL	224.8896	90.84
S_lineatus	family3	BOSK.23.S3	V350109641	L04	224.8425	90.82
S_lineatus	family3	BOSK.23.S3	TOTAL	TOTAL	224.8425	90.82
S_lineatus	family3	BOSK.23.S4	V350109501	L01	164.4468	66.43
S_lineatus	family3	BOSK.23.S4	V350109629	L01	98.3418	39.72
S_lineatus	family3	BOSK.23.S4	TOTAL	TOTAL	262.7887	106.15
S_lineatus	family3	BOSK.23.S5	V350109501	L02	175.9281	71.06
S_lineatus	family3	BOSK.23.S5	V350109629	L02	71.6291	28.93
S_lineatus	family3	BOSK.23.S5	TOTAL	TOTAL	247.5572	100.00
S_lineatus	family3	BOSK.23.S6	V350109501	L03	178.1661	71.97
S_lineatus	family3	BOSK.23.S6	V350109629	L03	64.9056	26.22
S_lineatus	family3	BOSK.23.S6	TOTAL	TOTAL	243.0717	98.18
S_lineatus	family4	BOSK.10.F	V350108207	L03	225.6270	91.14
S_lineatus	family4	BOSK.10.F	TOTAL	TOTAL	225.6270	91.14
S_lineatus	family4	BOSK.10.M	V350108207	L04	225.5123	91.09
S_lineatus	family4	BOSK.10.M	TOTAL	TOTAL	225.5123	91.09
S_lineatus	family4	BOSK.10.S1	V350109668	L04	224.8401	90.82
S_lineatus	family4	BOSK.10.S1	TOTAL	TOTAL	224.8401	90.82
S_lineatus	family4	BOSK.10.S2	V350109452	L01	224.7843	90.80
S_lineatus	family4	BOSK.10.S2	TOTAL	TOTAL	224.7843	90.80
S_lineatus	family4	BOSK.10.S3	V350109452	L02	224.9152	90.85
S_lineatus	family4	BOSK.10.S3	TOTAL	TOTAL	224.9152	90.85
S_lineatus	family4	BOSK.10.S4	V350109452	L03	224.9798	90.88
S_lineatus	family4	BOSK.10.S4	TOTAL	TOTAL	224.9798	90.88
S_lineatus	family4	BOSK.10.S5	V350109452	L04	224.8016	90.80
S_lineatus	family4	BOSK.10.S5	TOTAL	TOTAL	224.8016	90.80
S_lineatus	family4	BOSK.10.S6	V350109641	L01	224.7262	90.77
S_lineatus	family4	BOSK.10.S6	TOTAL	TOTAL	224.7262	90.77
S_lineatus	family5	BOSK.13.F	V350109668	L03	224.9237	90.85
S_lineatus	family5	BOSK.13.F	TOTAL	TOTAL	224.9237	90.85
S_lineatus	family5	BOSK.13.M	V350108207	L02	225.5109	91.09
S_lineatus	family5	BOSK.13.M	TOTAL	TOTAL	225.5109	91.09
S_lineatus	family5	BOSK.13.S1	V350108233	L04	225.5469	91.11
S_lineatus	family5	BOSK.13.S1	TOTAL	TOTAL	225.5469	91.11
S_lineatus	family5	BOSK.13.S2	V350103235	L01	114.8869	46.41
S_lineatus	family5	BOSK.13.S2	V350108206	L01	110.7394	44.73
S_lineatus	family5	BOSK.13.S2	TOTAL	TOTAL	225.6263	91.14
S_lineatus	family5	BOSK.13.S3	V350103235	L02	115.0605	46.48
S_lineatus	family5	BOSK.13.S3	V350108206	L02	110.3486	44.57
S_lineatus	family5	BOSK.13.S3	TOTAL	TOTAL	225.4091	91.05
S_lineatus	family5	BOSK.13.S4	V350103235	L03	113.6072	45.89
S_lineatus	family5	BOSK.13.S4	V350108206	L03	111.8239	45.17
S_lineatus	family5	BOSK.13.S4	TOTAL	TOTAL	225.4311	91.06
S_lineatus	family5	BOSK.13.S5	V350103235	L04	123.4099	49.85
S_lineatus	family5	BOSK.13.S5	V350108206	L04	101.9704	41.19
S_lineatus	family5	BOSK.13.S5	TOTAL	TOTAL	225.3803	91.04
S_lineatus	family5	BOSK.13.S6	V350108207	L01	225.5097	91.09
S_lineatus	family5	BOSK.13.S6	TOTAL	TOTAL	225.5097	91.09
S_mimosarum	family1	1.F	DP8400011519TR	L01	184.1166	67.93
S_mimosarum	family1	1.F	TOTAL	TOTAL	184.1166	67.93
S_mimosarum	family1	10.S2	DP8400011456TL	L01	280.5909	103.53
S_mimosarum	family1	10.S2	TOTAL	TOTAL	280.5909	103.53
S_mimosarum	family1	11.S3	DP8400011455TL	L01	270.1855	99.69
S_mimosarum	family1	11.S3	TOTAL	TOTAL	270.1855	99.69
S_mimosarum	family1	12.S4	DP8400011456TL	L01	172.0095	63.47
S_mimosarum	family1	12.S4	DP8400011737BL	L01	27.3176	10.08
S_mimosarum	family1	12.S4	TOTAL	TOTAL	199.3271	73.55
S_mimosarum	family1	13.S5	DP8400011455TL	L01	191.1143	70.52
S_mimosarum	family1	13.S5	TOTAL	TOTAL	191.1143	70.52
S_mimosarum	family1	14.S6	DP8400011456TL	L01	254.4190	93.87
S_mimosarum	family1	14.S6	TOTAL	TOTAL	254.4190	93.87
S_mimosarum	family1	6.M	DP8400011519TR	L01	326.4505	120.45
S_mimosarum	family1	6.M	TOTAL	TOTAL	326.4505	120.45
S_mimosarum	family1	9.S1	DP8400011455TL	L01	346.7745	127.95
S_mimosarum	family1	9.S1	TOTAL	TOTAL	346.7745	127.95
S_mimosarum	family2	15.S1	DP8400011455TL	L01	339.2426	125.17
S_mimosarum	family2	15.S1	TOTAL	TOTAL	339.2426	125.17
S_mimosarum	family2	16.S2	DP8400011456TL	L01	278.7661	102.86
S_mimosarum	family2	16.S2	TOTAL	TOTAL	278.7661	102.86
S_mimosarum	family2	17.S3	DP8400011903TL	L01	416.5094	153.68
S_mimosarum	family2	17.S3	TOTAL	TOTAL	416.5094	153.68
S_mimosarum	family2	18.S4	DP8400011427BL	L01	501.7714	185.14
S_mimosarum	family2	18.S4	TOTAL	TOTAL	501.7714	185.14
S_mimosarum	family2	19.S5	DP8400011427BL	L01	516.3871	190.53
S_mimosarum	family2	19.S5	TOTAL	TOTAL	516.3871	190.53
S_mimosarum	family2	2.F	DP8400011519TR	L01	372.3370	137.38
S_mimosarum	family2	2.F	TOTAL	TOTAL	372.3370	137.38
S_mimosarum	family2	20.S6	DP8400011310BL	L01	198.4350	73.22
S_mimosarum	family2	20.S6	TOTAL	TOTAL	198.4350	73.22
S_mimosarum	family2	7.M	DP8400011519TR	L01	251.7514	92.89
S_mimosarum	family2	7.M	TOTAL	TOTAL	251.7514	92.89
S_mimosarum	family3	21.S1	DP8400011903TL	L01	255.7438	94.36
S_mimosarum	family3	21.S1	TOTAL	TOTAL	255.7438	94.36
S_mimosarum	family3	22.S2	DP8400011310BL	L01	142.1730	52.46
S_mimosarum	family3	22.S2	DP8400011737BL	L01	54.0348	19.94
S_mimosarum	family3	22.S2	TOTAL	TOTAL	196.2078	72.39
S_mimosarum	family3	23.S3	DP8400011427BL	L01	350.2521	129.23
S_mimosarum	family3	23.S3	TOTAL	TOTAL	350.2521	129.23
S_mimosarum	family3	24.S4	DP8400011455TL	L01	317.3451	117.09
S_mimosarum	family3	24.S4	TOTAL	TOTAL	317.3451	117.09
S_mimosarum	family3	25.S5	DP8400011456TL	L01	326.7650	120.57
S_mimosarum	family3	25.S5	TOTAL	TOTAL	326.7650	120.57
S_mimosarum	family3	26.S6	DP8400011427BL	L01	375.9601	138.72
S_mimosarum	family3	26.S6	TOTAL	TOTAL	375.9601	138.72
S_mimosarum	family3	27.S7	DP8400011427BL	L01	356.9296	131.70
S_mimosarum	family3	27.S7	TOTAL	TOTAL	356.9296	131.70
S_mimosarum	family3	28.S8	DP8400011427BL	L01	477.4368	176.16
S_mimosarum	family3	28.S8	TOTAL	TOTAL	477.4368	176.16
S_mimosarum	family3	3.F	DP8400011519TR	L01	237.1322	87.49
S_mimosarum	family3	3.F	TOTAL	TOTAL	237.1322	87.49
S_mimosarum	family3	8.M	DP8400011519TR	L01	249.1745	91.94
S_mimosarum	family3	8.M	TOTAL	TOTAL	249.1745	91.94
S_mimosarum	family4	29.S1	DP8400011519TR	L01	264.4562	97.58
S_mimosarum	family4	29.S1	TOTAL	TOTAL	264.4562	97.58
S_mimosarum	family4	30.S2	DP8400011452TL	L01	245.6186	90.63
S_mimosarum	family4	30.S2	TOTAL	TOTAL	245.6186	90.63
S_mimosarum	family4	31.S3	DP8400011452TL	L01	241.4682	89.09
S_mimosarum	family4	31.S3	TOTAL	TOTAL	241.4682	89.09
S_mimosarum	family4	32.S4	DP8400011452TL	L01	225.9336	83.36
S_mimosarum	family4	32.S4	TOTAL	TOTAL	225.9336	83.36
S_mimosarum	family4	4.F	DP8400011455TL	L01	312.6538	115.36
S_mimosarum	family4	4.F	TOTAL	TOTAL	312.6538	115.36
S_mimosarum	family4	8.M	DP8400011519TR	L01	249.1745	91.94
S_mimosarum	family4	8.M	TOTAL	TOTAL	249.1745	91.94
S_mimosarum	family5	33.S1	DP8400011452TL	L01	212.3612	78.35
S_mimosarum	family5	33.S1	TOTAL	TOTAL	212.3612	78.35
S_mimosarum	family5	34.S2	DP8400011452TL	L01	225.5505	83.22
S_mimosarum	family5	34.S2	TOTAL	TOTAL	225.5505	83.22
S_mimosarum	family5	35.S3	DP8400011452TL	L01	230.9611	85.22
S_mimosarum	family5	35.S3	TOTAL	TOTAL	230.9611	85.22
S_mimosarum	family5	36.S4	DP8400011452TL	L01	245.6827	90.65
S_mimosarum	family5	36.S4	TOTAL	TOTAL	245.6827	90.65
S_mimosarum	family5	37.S5	DP8400011680BR	L01	350.4576	129.31
S_mimosarum	family5	37.S5	TOTAL	TOTAL	350.4576	129.31
S_mimosarum	family5	38.S6	DP8400011903TL	L01	386.5048	142.61
S_mimosarum	family5	38.S6	TOTAL	TOTAL	386.5048	142.61
S_mimosarum	family5	39.S7	DP8400011680BR	L01	486.9609	179.67
S_mimosarum	family5	39.S7	TOTAL	TOTAL	486.9609	179.67
S_mimosarum	family5	40.S8	DP8400011452TL	L01	269.0325	99.26
S_mimosarum	family5	40.S8	TOTAL	TOTAL	269.0325	99.26
S_mimosarum	family5	7.M	DP8400011519TR	L01	251.7514	92.89
S_mimosarum	family5	7.M	TOTAL	TOTAL	251.7514	92.89
S_sarasinorum	family1	Ssar-A12-F-2-F	V300088905	L1	25.0779	8.11
S_sarasinorum	family1	Ssar-A12-F-2-F	V300088905	L2	24.9359	8.06
S_sarasinorum	family1	Ssar-A12-F-2-F	V300088905	L3	25.0882	8.11
S_sarasinorum	family1	Ssar-A12-F-2-F	V300088905	L4	25.7272	8.32
S_sarasinorum	family1	Ssar-A12-F-2-F	V300088913	L1	28.1496	9.10
S_sarasinorum	family1	Ssar-A12-F-2-F	V300088913	L2	28.0831	9.08
S_sarasinorum	family1	Ssar-A12-F-2-F	V300088913	L3	28.0749	9.08
S_sarasinorum	family1	Ssar-A12-F-2-F	V300088913	L4	27.7758	8.98
S_sarasinorum	family1	Ssar-A12-F-2-F	TOTAL	TOTAL	212.9126	68.84
S_sarasinorum	family1	Ssar-A12-F-2-S1	V300088454	L1	25.0553	8.10
S_sarasinorum	family1	Ssar-A12-F-2-S1	V300088454	L2	24.3716	7.88
S_sarasinorum	family1	Ssar-A12-F-2-S1	V300088454	L3	25.1441	8.13
S_sarasinorum	family1	Ssar-A12-F-2-S1	V300088454	L4	24.0146	7.76
S_sarasinorum	family1	Ssar-A12-F-2-S1	V300088899	L1	22.3945	7.24
S_sarasinorum	family1	Ssar-A12-F-2-S1	V300088899	L2	23.9559	7.75
S_sarasinorum	family1	Ssar-A12-F-2-S1	V300088899	L3	23.8858	7.72
S_sarasinorum	family1	Ssar-A12-F-2-S1	V300088899	L4	21.9847	7.11
S_sarasinorum	family1	Ssar-A12-F-2-S1	TOTAL	TOTAL	190.8064	61.69
S_sarasinorum	family1	Ssar-A12-F-2-S2	V300088454	L1	27.3246	8.83
S_sarasinorum	family1	Ssar-A12-F-2-S2	V300088454	L2	26.5007	8.57
S_sarasinorum	family1	Ssar-A12-F-2-S2	V300088454	L3	27.2908	8.82
S_sarasinorum	family1	Ssar-A12-F-2-S2	V300088454	L4	26.1334	8.45
S_sarasinorum	family1	Ssar-A12-F-2-S2	V300088899	L1	24.2776	7.85
S_sarasinorum	family1	Ssar-A12-F-2-S2	V300088899	L2	25.9535	8.39
S_sarasinorum	family1	Ssar-A12-F-2-S2	V300088899	L3	25.8085	8.34
S_sarasinorum	family1	Ssar-A12-F-2-S2	V300088899	L4	23.7326	7.67
S_sarasinorum	family1	Ssar-A12-F-2-S2	TOTAL	TOTAL	207.0216	66.93
S_sarasinorum	family1	Ssar-A12-F-2-S3	V300088905	L1	24.1183	7.80
S_sarasinorum	family1	Ssar-A12-F-2-S3	V300088905	L2	23.9617	7.75
S_sarasinorum	family1	Ssar-A12-F-2-S3	V300088905	L3	23.9849	7.75
S_sarasinorum	family1	Ssar-A12-F-2-S3	V300088905	L4	24.7230	7.99
S_sarasinorum	family1	Ssar-A12-F-2-S3	V300088913	L1	26.7102	8.64
S_sarasinorum	family1	Ssar-A12-F-2-S3	V300088913	L2	26.6914	8.63
S_sarasinorum	family1	Ssar-A12-F-2-S3	V300088913	L3	26.7442	8.65
S_sarasinorum	family1	Ssar-A12-F-2-S3	V300088913	L4	26.3771	8.53
S_sarasinorum	family1	Ssar-A12-F-2-S3	TOTAL	TOTAL	203.3109	65.73
S_sarasinorum	family1	Ssar-A12-F-2-S4	V300088905	L1	24.5084	7.92
S_sarasinorum	family1	Ssar-A12-F-2-S4	V300088905	L2	24.3385	7.87
S_sarasinorum	family1	Ssar-A12-F-2-S4	V300088905	L3	24.4227	7.90
S_sarasinorum	family1	Ssar-A12-F-2-S4	V300088905	L4	25.2311	8.16
S_sarasinorum	family1	Ssar-A12-F-2-S4	V300088913	L1	27.0987	8.76
S_sarasinorum	family1	Ssar-A12-F-2-S4	V300088913	L2	27.0955	8.76
S_sarasinorum	family1	Ssar-A12-F-2-S4	V300088913	L3	27.0216	8.74
S_sarasinorum	family1	Ssar-A12-F-2-S4	V300088913	L4	26.7332	8.64
S_sarasinorum	family1	Ssar-A12-F-2-S4	TOTAL	TOTAL	206.4498	66.75
S_sarasinorum	family1	Ssar-A12-F-2-S5	V300088905	L1	23.2389	7.51
S_sarasinorum	family1	Ssar-A12-F-2-S5	V300088905	L2	23.0819	7.46
S_sarasinorum	family1	Ssar-A12-F-2-S5	V300088905	L3	23.0625	7.46
S_sarasinorum	family1	Ssar-A12-F-2-S5	V300088905	L4	23.6910	7.66
S_sarasinorum	family1	Ssar-A12-F-2-S5	V300088913	L1	25.5301	8.25
S_sarasinorum	family1	Ssar-A12-F-2-S5	V300088913	L2	25.4815	8.24
S_sarasinorum	family1	Ssar-A12-F-2-S5	V300088913	L3	25.5002	8.24
S_sarasinorum	family1	Ssar-A12-F-2-S5	V300088913	L4	25.1827	8.14
S_sarasinorum	family1	Ssar-A12-F-2-S5	TOTAL	TOTAL	194.7687	62.97
S_sarasinorum	family1	Ssar-A12-F-2-S6	V300088905	L1	34.8547	11.27
S_sarasinorum	family1	Ssar-A12-F-2-S6	V300088905	L2	34.6910	11.22
S_sarasinorum	family1	Ssar-A12-F-2-S6	V300088905	L3	34.3519	11.11
S_sarasinorum	family1	Ssar-A12-F-2-S6	V300088905	L4	35.3029	11.41
S_sarasinorum	family1	Ssar-A12-F-2-S6	V300088913	L1	37.6241	12.16
S_sarasinorum	family1	Ssar-A12-F-2-S6	V300088913	L2	37.5204	12.13
S_sarasinorum	family1	Ssar-A12-F-2-S6	V300088913	L3	37.5656	12.15
S_sarasinorum	family1	Ssar-A12-F-2-S6	V300088913	L4	37.2486	12.04
S_sarasinorum	family1	Ssar-A12-F-2-S6	TOTAL	TOTAL	289.1593	93.49
S_sarasinorum	family1	Ssar-A12-M	V300088751	L1	41.3832	13.38
S_sarasinorum	family1	Ssar-A12-M	V300088751	L2	42.1435	13.63
S_sarasinorum	family1	Ssar-A12-M	V300088751	L3	42.7892	13.83
S_sarasinorum	family1	Ssar-A12-M	V300088751	L4	41.6537	13.47
S_sarasinorum	family1	Ssar-A12-M	V300088752	L1	41.9922	13.58
S_sarasinorum	family1	Ssar-A12-M	V300088752	L2	41.3559	13.37
S_sarasinorum	family1	Ssar-A12-M	TOTAL	TOTAL	251.3177	81.25
S_sarasinorum	family2	Ssar-A17-F-4-F	V300088299	L3	30.5532	9.88
S_sarasinorum	family2	Ssar-A17-F-4-F	V300088299	L4	29.8058	9.64
S_sarasinorum	family2	Ssar-A17-F-4-F	V300088311	L3	28.5580	9.23
S_sarasinorum	family2	Ssar-A17-F-4-F	V300088311	L4	28.3788	9.18
S_sarasinorum	family2	Ssar-A17-F-4-F	V300088769	L1	29.2886	9.47
S_sarasinorum	family2	Ssar-A17-F-4-F	V300088769	L2	28.6883	9.28
S_sarasinorum	family2	Ssar-A17-F-4-F	V300088769	L3	29.2399	9.45
S_sarasinorum	family2	Ssar-A17-F-4-F	V300088769	L4	28.8341	9.32
S_sarasinorum	family2	Ssar-A17-F-4-F	TOTAL	TOTAL	233.3467	75.44
S_sarasinorum	family2	Ssar-A17-F-4-S1	V300088299	L3	30.9596	10.01
S_sarasinorum	family2	Ssar-A17-F-4-S1	V300088299	L4	30.1834	9.76
S_sarasinorum	family2	Ssar-A17-F-4-S1	V300088311	L3	30.1255	9.74
S_sarasinorum	family2	Ssar-A17-F-4-S1	V300088311	L4	29.8323	9.65
S_sarasinorum	family2	Ssar-A17-F-4-S1	V300088769	L1	29.8162	9.64
S_sarasinorum	family2	Ssar-A17-F-4-S1	V300088769	L2	29.2360	9.45
S_sarasinorum	family2	Ssar-A17-F-4-S1	V300088769	L3	29.9247	9.67
S_sarasinorum	family2	Ssar-A17-F-4-S1	V300088769	L4	29.4449	9.52
S_sarasinorum	family2	Ssar-A17-F-4-S1	TOTAL	TOTAL	239.5225	77.44
S_sarasinorum	family2	Ssar-A17-F-4-S2	V300088299	L3	30.6644	9.91
S_sarasinorum	family2	Ssar-A17-F-4-S2	V300088299	L4	29.8836	9.66
S_sarasinorum	family2	Ssar-A17-F-4-S2	V300088311	L3	29.2709	9.46
S_sarasinorum	family2	Ssar-A17-F-4-S2	V300088311	L4	29.0534	9.39
S_sarasinorum	family2	Ssar-A17-F-4-S2	V300088769	L1	29.4295	9.51
S_sarasinorum	family2	Ssar-A17-F-4-S2	V300088769	L2	28.8314	9.32
S_sarasinorum	family2	Ssar-A17-F-4-S2	V300088769	L3	29.4790	9.53
S_sarasinorum	family2	Ssar-A17-F-4-S2	V300088769	L4	29.0439	9.39
S_sarasinorum	family2	Ssar-A17-F-4-S2	TOTAL	TOTAL	235.6561	76.19
S_sarasinorum	family2	Ssar-A17-F-4-S3	V300088299	L3	30.7677	9.95
S_sarasinorum	family2	Ssar-A17-F-4-S3	V300088299	L4	30.0339	9.71
S_sarasinorum	family2	Ssar-A17-F-4-S3	V300088311	L3	29.2637	9.46
S_sarasinorum	family2	Ssar-A17-F-4-S3	V300088311	L4	29.0417	9.39
S_sarasinorum	family2	Ssar-A17-F-4-S3	V300088769	L1	29.3770	9.50
S_sarasinorum	family2	Ssar-A17-F-4-S3	V300088769	L2	28.8012	9.31
S_sarasinorum	family2	Ssar-A17-F-4-S3	V300088769	L3	29.3769	9.50
S_sarasinorum	family2	Ssar-A17-F-4-S3	V300088769	L4	29.0326	9.39
S_sarasinorum	family2	Ssar-A17-F-4-S3	TOTAL	TOTAL	235.6948	76.20
S_sarasinorum	family2	Ssar-A17-F-4-S4	V300088299	L3	29.9468	9.68
S_sarasinorum	family2	Ssar-A17-F-4-S4	V300088299	L4	29.2807	9.47
S_sarasinorum	family2	Ssar-A17-F-4-S4	V300088311	L3	30.0074	9.70
S_sarasinorum	family2	Ssar-A17-F-4-S4	V300088311	L4	29.7398	9.62
S_sarasinorum	family2	Ssar-A17-F-4-S4	V300088769	L1	28.8542	9.33
S_sarasinorum	family2	Ssar-A17-F-4-S4	V300088769	L2	28.3101	9.15
S_sarasinorum	family2	Ssar-A17-F-4-S4	V300088769	L3	28.9665	9.37
S_sarasinorum	family2	Ssar-A17-F-4-S4	V300088769	L4	28.6218	9.25
S_sarasinorum	family2	Ssar-A17-F-4-S4	TOTAL	TOTAL	233.7272	75.57
S_sarasinorum	family2	Ssar-A17-F-4-S5	V300088299	L3	30.3326	9.81
S_sarasinorum	family2	Ssar-A17-F-4-S5	V300088299	L4	29.6030	9.57
S_sarasinorum	family2	Ssar-A17-F-4-S5	V300088311	L3	30.3079	9.80
S_sarasinorum	family2	Ssar-A17-F-4-S5	V300088311	L4	30.0141	9.70
S_sarasinorum	family2	Ssar-A17-F-4-S5	V300088769	L1	28.8647	9.33
S_sarasinorum	family2	Ssar-A17-F-4-S5	V300088769	L2	28.3817	9.18
S_sarasinorum	family2	Ssar-A17-F-4-S5	V300088769	L3	29.1237	9.42
S_sarasinorum	family2	Ssar-A17-F-4-S5	V300088769	L4	28.7356	9.29
S_sarasinorum	family2	Ssar-A17-F-4-S5	TOTAL	TOTAL	235.3633	76.09
S_sarasinorum	family2	Ssar-A17-F-4-S6	V300088299	L3	32.7973	10.60
S_sarasinorum	family2	Ssar-A17-F-4-S6	V300088299	L4	32.0047	10.35
S_sarasinorum	family2	Ssar-A17-F-4-S6	V300088311	L3	31.1485	10.07
S_sarasinorum	family2	Ssar-A17-F-4-S6	V300088311	L4	30.9774	10.02
S_sarasinorum	family2	Ssar-A17-F-4-S6	V300088769	L1	31.4119	10.16
S_sarasinorum	family2	Ssar-A17-F-4-S6	V300088769	L2	30.8210	9.96
S_sarasinorum	family2	Ssar-A17-F-4-S6	V300088769	L3	31.4033	10.15
S_sarasinorum	family2	Ssar-A17-F-4-S6	V300088769	L4	30.9922	10.02
S_sarasinorum	family2	Ssar-A17-F-4-S6	TOTAL	TOTAL	251.5562	81.33
S_sarasinorum	family2	Ssar-A17-M	V300088307	L4	16.5622	5.35
S_sarasinorum	family2	Ssar-A17-M	V300088321	L1	15.3850	4.97
S_sarasinorum	family2	Ssar-A17-M	V300088321	L2	15.2146	4.92
S_sarasinorum	family2	Ssar-A17-M	V300088321	L3	14.0141	4.53
S_sarasinorum	family2	Ssar-A17-M	V300088752	L3	38.0352	12.30
S_sarasinorum	family2	Ssar-A17-M	V300088752	L4	39.7036	12.84
S_sarasinorum	family2	Ssar-A17-M	V300101732	L1	39.9091	12.90
S_sarasinorum	family2	Ssar-A17-M	V300101732	L2	40.0649	12.95
S_sarasinorum	family2	Ssar-A17-M	V300101732	L3	37.5349	12.14
S_sarasinorum	family2	Ssar-A17-M	V300101732	L4	38.2527	12.37
S_sarasinorum	family2	Ssar-A17-M	TOTAL	TOTAL	294.6762	95.27
S_sarasinorum	family3	Ssar-B11-F-3-F	V300088454	L1	25.8883	8.37
S_sarasinorum	family3	Ssar-B11-F-3-F	V300088454	L2	25.6190	8.28
S_sarasinorum	family3	Ssar-B11-F-3-F	V300088454	L3	26.2252	8.48
S_sarasinorum	family3	Ssar-B11-F-3-F	V300088454	L4	25.2932	8.18
S_sarasinorum	family3	Ssar-B11-F-3-F	V300088899	L1	22.8774	7.40
S_sarasinorum	family3	Ssar-B11-F-3-F	V300088899	L2	24.6671	7.98
S_sarasinorum	family3	Ssar-B11-F-3-F	V300088899	L3	24.6074	7.96
S_sarasinorum	family3	Ssar-B11-F-3-F	V300088899	L4	23.0071	7.44
S_sarasinorum	family3	Ssar-B11-F-3-F	TOTAL	TOTAL	198.1846	64.07
S_sarasinorum	family3	Ssar-B11-F-3-S1	V300088299	L3	25.1358	8.13
S_sarasinorum	family3	Ssar-B11-F-3-S1	V300088299	L4	24.5030	7.92
S_sarasinorum	family3	Ssar-B11-F-3-S1	V300088311	L3	24.7520	8.00
S_sarasinorum	family3	Ssar-B11-F-3-S1	V300088311	L4	24.6516	7.97
S_sarasinorum	family3	Ssar-B11-F-3-S1	V300088769	L1	24.3613	7.88
S_sarasinorum	family3	Ssar-B11-F-3-S1	V300088769	L2	23.8468	7.71
S_sarasinorum	family3	Ssar-B11-F-3-S1	V300088769	L3	24.4372	7.90
S_sarasinorum	family3	Ssar-B11-F-3-S1	V300088769	L4	24.2237	7.83
S_sarasinorum	family3	Ssar-B11-F-3-S1	TOTAL	TOTAL	195.9114	63.34
S_sarasinorum	family3	Ssar-B11-F-3-S2	V300088454	L1	21.6653	7.00
S_sarasinorum	family3	Ssar-B11-F-3-S2	V300088454	L2	21.0314	6.80
S_sarasinorum	family3	Ssar-B11-F-3-S2	V300088454	L3	21.5982	6.98
S_sarasinorum	family3	Ssar-B11-F-3-S2	V300088454	L4	20.6948	6.69
S_sarasinorum	family3	Ssar-B11-F-3-S2	V300088899	L1	18.7913	6.08
S_sarasinorum	family3	Ssar-B11-F-3-S2	V300088899	L2	20.2499	6.55
S_sarasinorum	family3	Ssar-B11-F-3-S2	V300088899	L3	20.1835	6.53
S_sarasinorum	family3	Ssar-B11-F-3-S2	V300088899	L4	18.5576	6.00
S_sarasinorum	family3	Ssar-B11-F-3-S2	V300101732	L1	10.6186	3.43
S_sarasinorum	family3	Ssar-B11-F-3-S2	V300101732	L2	10.6476	3.44
S_sarasinorum	family3	Ssar-B11-F-3-S2	V300101732	L3	10.0000	3.23
S_sarasinorum	family3	Ssar-B11-F-3-S2	V300101732	L4	10.1915	3.29
S_sarasinorum	family3	Ssar-B11-F-3-S2	TOTAL	TOTAL	204.2297	66.03
S_sarasinorum	family3	Ssar-B11-F-3-S3	V300088454	L1	27.7738	8.98
S_sarasinorum	family3	Ssar-B11-F-3-S3	V300088454	L2	27.1643	8.78
S_sarasinorum	family3	Ssar-B11-F-3-S3	V300088454	L3	27.9018	9.02
S_sarasinorum	family3	Ssar-B11-F-3-S3	V300088454	L4	26.8009	8.66
S_sarasinorum	family3	Ssar-B11-F-3-S3	V300088899	L1	25.1108	8.12
S_sarasinorum	family3	Ssar-B11-F-3-S3	V300088899	L2	26.7429	8.65
S_sarasinorum	family3	Ssar-B11-F-3-S3	V300088899	L3	26.5623	8.59
S_sarasinorum	family3	Ssar-B11-F-3-S3	V300088899	L4	24.6606	7.97
S_sarasinorum	family3	Ssar-B11-F-3-S3	TOTAL	TOTAL	212.7174	68.77
S_sarasinorum	family3	Ssar-B11-F-3-S4	V300088454	L1	24.8089	8.02
S_sarasinorum	family3	Ssar-B11-F-3-S4	V300088454	L2	24.0515	7.78
S_sarasinorum	family3	Ssar-B11-F-3-S4	V300088454	L3	24.8779	8.04
S_sarasinorum	family3	Ssar-B11-F-3-S4	V300088454	L4	23.7473	7.68
S_sarasinorum	family3	Ssar-B11-F-3-S4	V300088899	L1	22.5897	7.30
S_sarasinorum	family3	Ssar-B11-F-3-S4	V300088899	L2	23.9904	7.76
S_sarasinorum	family3	Ssar-B11-F-3-S4	V300088899	L3	23.7392	7.68
S_sarasinorum	family3	Ssar-B11-F-3-S4	V300088899	L4	21.8674	7.07
S_sarasinorum	family3	Ssar-B11-F-3-S4	TOTAL	TOTAL	189.6724	61.32
S_sarasinorum	family3	Ssar-B11-F-3-S5	V300088454	L1	29.0932	9.41
S_sarasinorum	family3	Ssar-B11-F-3-S5	V300088454	L2	28.4029	9.18
S_sarasinorum	family3	Ssar-B11-F-3-S5	V300088454	L3	29.1758	9.43
S_sarasinorum	family3	Ssar-B11-F-3-S5	V300088454	L4	28.0152	9.06
S_sarasinorum	family3	Ssar-B11-F-3-S5	V300088899	L1	25.3817	8.21
S_sarasinorum	family3	Ssar-B11-F-3-S5	V300088899	L2	27.3288	8.84
S_sarasinorum	family3	Ssar-B11-F-3-S5	V300088899	L3	27.2459	8.81
S_sarasinorum	family3	Ssar-B11-F-3-S5	V300088899	L4	25.2080	8.15
S_sarasinorum	family3	Ssar-B11-F-3-S5	TOTAL	TOTAL	219.8515	71.08
S_sarasinorum	family3	Ssar-B11-F-3-S6	V300088454	L1	27.8306	9.00
S_sarasinorum	family3	Ssar-B11-F-3-S6	V300088454	L2	27.1112	8.77
S_sarasinorum	family3	Ssar-B11-F-3-S6	V300088454	L3	27.8505	9.00
S_sarasinorum	family3	Ssar-B11-F-3-S6	V300088454	L4	26.7237	8.64
S_sarasinorum	family3	Ssar-B11-F-3-S6	V300088899	L1	24.6313	7.96
S_sarasinorum	family3	Ssar-B11-F-3-S6	V300088899	L2	26.3358	8.51
S_sarasinorum	family3	Ssar-B11-F-3-S6	V300088899	L3	26.2562	8.49
S_sarasinorum	family3	Ssar-B11-F-3-S6	V300088899	L4	24.3139	7.86
S_sarasinorum	family3	Ssar-B11-F-3-S6	TOTAL	TOTAL	211.0533	68.24
S_sarasinorum	family3	Ssar-B11-M	V300088751	L1	33.5179	10.84
S_sarasinorum	family3	Ssar-B11-M	V300088751	L2	34.1379	11.04
S_sarasinorum	family3	Ssar-B11-M	V300088751	L3	34.0196	11.00
S_sarasinorum	family3	Ssar-B11-M	V300088751	L4	33.9666	10.98
S_sarasinorum	family3	Ssar-B11-M	V300088752	L1	33.6375	10.88
S_sarasinorum	family3	Ssar-B11-M	V300088752	L2	33.6921	10.89
S_sarasinorum	family3	Ssar-B11-M	TOTAL	TOTAL	202.9716	65.62
S_sarasinorum	family4	Ssar-B12-F-4-F	V300088299	L1	28.8562	9.33
S_sarasinorum	family4	Ssar-B12-F-4-F	V300088299	L2	30.2663	9.79
S_sarasinorum	family4	Ssar-B12-F-4-F	V300101733	L3	30.9945	10.02
S_sarasinorum	family4	Ssar-B12-F-4-F	V300101733	L4	31.3292	10.13
S_sarasinorum	family4	Ssar-B12-F-4-F	V300102083	L1	31.9278	10.32
S_sarasinorum	family4	Ssar-B12-F-4-F	V300102083	L2	31.0282	10.03
S_sarasinorum	family4	Ssar-B12-F-4-F	V300102083	L3	31.1188	10.06
S_sarasinorum	family4	Ssar-B12-F-4-F	V300102083	L4	31.1619	10.07
S_sarasinorum	family4	Ssar-B12-F-4-F	TOTAL	TOTAL	246.6829	79.75
S_sarasinorum	family4	Ssar-B12-F-4-S1	V300088299	L1	25.4272	8.22
S_sarasinorum	family4	Ssar-B12-F-4-S1	V300088299	L2	26.6574	8.62
S_sarasinorum	family4	Ssar-B12-F-4-S1	V300101733	L3	27.1631	8.78
S_sarasinorum	family4	Ssar-B12-F-4-S1	V300101733	L4	27.3983	8.86
S_sarasinorum	family4	Ssar-B12-F-4-S1	V300102083	L1	27.9704	9.04
S_sarasinorum	family4	Ssar-B12-F-4-S1	V300102083	L2	27.1325	8.77
S_sarasinorum	family4	Ssar-B12-F-4-S1	V300102083	L3	27.3556	8.84
S_sarasinorum	family4	Ssar-B12-F-4-S1	V300102083	L4	27.5199	8.90
S_sarasinorum	family4	Ssar-B12-F-4-S1	TOTAL	TOTAL	216.6243	70.04
S_sarasinorum	family4	Ssar-B12-F-4-S2	V300088299	L1	28.8010	9.31
S_sarasinorum	family4	Ssar-B12-F-4-S2	V300088299	L2	30.0702	9.72
S_sarasinorum	family4	Ssar-B12-F-4-S2	V300101733	L3	30.3394	9.81
S_sarasinorum	family4	Ssar-B12-F-4-S2	V300101733	L4	30.6230	9.90
S_sarasinorum	family4	Ssar-B12-F-4-S2	V300102083	L1	31.1943	10.09
S_sarasinorum	family4	Ssar-B12-F-4-S2	V300102083	L2	30.2615	9.78
S_sarasinorum	family4	Ssar-B12-F-4-S2	V300102083	L3	30.5080	9.86
S_sarasinorum	family4	Ssar-B12-F-4-S2	V300102083	L4	30.5954	9.89
S_sarasinorum	family4	Ssar-B12-F-4-S2	TOTAL	TOTAL	242.3928	78.37
S_sarasinorum	family4	Ssar-B12-F-4-S3	V300088299	L1	31.0082	10.03
S_sarasinorum	family4	Ssar-B12-F-4-S3	V300088299	L2	32.3752	10.47
S_sarasinorum	family4	Ssar-B12-F-4-S3	V300101733	L3	32.6064	10.54
S_sarasinorum	family4	Ssar-B12-F-4-S3	V300101733	L4	32.9198	10.64
S_sarasinorum	family4	Ssar-B12-F-4-S3	V300102083	L1	33.5870	10.86
S_sarasinorum	family4	Ssar-B12-F-4-S3	V300102083	L2	32.5242	10.52
S_sarasinorum	family4	Ssar-B12-F-4-S3	V300102083	L3	32.7994	10.60
S_sarasinorum	family4	Ssar-B12-F-4-S3	V300102083	L4	33.0379	10.68
S_sarasinorum	family4	Ssar-B12-F-4-S3	TOTAL	TOTAL	260.8583	84.34
S_sarasinorum	family4	Ssar-B12-F-4-S4	V300088299	L1	28.8090	9.31
S_sarasinorum	family4	Ssar-B12-F-4-S4	V300088299	L2	30.1648	9.75
S_sarasinorum	family4	Ssar-B12-F-4-S4	V300101733	L3	30.2864	9.79
S_sarasinorum	family4	Ssar-B12-F-4-S4	V300101733	L4	30.5813	9.89
S_sarasinorum	family4	Ssar-B12-F-4-S4	V300102083	L1	31.0233	10.03
S_sarasinorum	family4	Ssar-B12-F-4-S4	V300102083	L2	30.0161	9.70
S_sarasinorum	family4	Ssar-B12-F-4-S4	V300102083	L3	30.3248	9.80
S_sarasinorum	family4	Ssar-B12-F-4-S4	V300102083	L4	30.4914	9.86
S_sarasinorum	family4	Ssar-B12-F-4-S4	TOTAL	TOTAL	241.6972	78.14
S_sarasinorum	family4	Ssar-B12-F-4-S5	V300088299	L1	27.7866	8.98
S_sarasinorum	family4	Ssar-B12-F-4-S5	V300088299	L2	29.0128	9.38
S_sarasinorum	family4	Ssar-B12-F-4-S5	V300101733	L3	29.4940	9.54
S_sarasinorum	family4	Ssar-B12-F-4-S5	V300101733	L4	29.8208	9.64
S_sarasinorum	family4	Ssar-B12-F-4-S5	V300102083	L1	30.3260	9.80
S_sarasinorum	family4	Ssar-B12-F-4-S5	V300102083	L2	29.3592	9.49
S_sarasinorum	family4	Ssar-B12-F-4-S5	V300102083	L3	29.5762	9.56
S_sarasinorum	family4	Ssar-B12-F-4-S5	V300102083	L4	29.7887	9.63
S_sarasinorum	family4	Ssar-B12-F-4-S5	TOTAL	TOTAL	235.1641	76.03
S_sarasinorum	family4	Ssar-B12-F-4-S6	V300088299	L1	30.1768	9.76
S_sarasinorum	family4	Ssar-B12-F-4-S6	V300088299	L2	31.5966	10.22
S_sarasinorum	family4	Ssar-B12-F-4-S6	V300101733	L3	31.5780	10.21
S_sarasinorum	family4	Ssar-B12-F-4-S6	V300101733	L4	31.9304	10.32
S_sarasinorum	family4	Ssar-B12-F-4-S6	V300102083	L1	32.5176	10.51
S_sarasinorum	family4	Ssar-B12-F-4-S6	V300102083	L2	31.5424	10.20
S_sarasinorum	family4	Ssar-B12-F-4-S6	V300102083	L3	31.6757	10.24
S_sarasinorum	family4	Ssar-B12-F-4-S6	V300102083	L4	31.7373	10.26
S_sarasinorum	family4	Ssar-B12-F-4-S6	TOTAL	TOTAL	252.7549	81.72
S_sarasinorum	family4	Ssar-B12-M	V300088307	L4	15.9968	5.17
S_sarasinorum	family4	Ssar-B12-M	V300088321	L1	14.7268	4.76
S_sarasinorum	family4	Ssar-B12-M	V300088321	L2	14.5390	4.70
S_sarasinorum	family4	Ssar-B12-M	V300088321	L3	13.4386	4.34
S_sarasinorum	family4	Ssar-B12-M	V300088752	L3	36.2718	11.73
S_sarasinorum	family4	Ssar-B12-M	V300088752	L4	37.4165	12.10
S_sarasinorum	family4	Ssar-B12-M	V300101732	L1	39.8839	12.89
S_sarasinorum	family4	Ssar-B12-M	V300101732	L2	39.6198	12.81
S_sarasinorum	family4	Ssar-B12-M	V300101732	L3	37.8060	12.22
S_sarasinorum	family4	Ssar-B12-M	V300101732	L4	38.2378	12.36
S_sarasinorum	family4	Ssar-B12-M	TOTAL	TOTAL	287.9370	93.09
S_sarasinorum	family5	Ssar-B25-F-5-F	V300088751	L1	37.5546	12.14
S_sarasinorum	family5	Ssar-B25-F-5-F	V300088751	L2	38.1039	12.32
S_sarasinorum	family5	Ssar-B25-F-5-F	V300088751	L3	37.5222	12.13
S_sarasinorum	family5	Ssar-B25-F-5-F	V300088751	L4	38.2065	12.35
S_sarasinorum	family5	Ssar-B25-F-5-F	V300088752	L1	37.7256	12.20
S_sarasinorum	family5	Ssar-B25-F-5-F	V300088752	L2	38.1967	12.35
S_sarasinorum	family5	Ssar-B25-F-5-F	TOTAL	TOTAL	227.3095	73.49
S_sarasinorum	family5	Ssar-B25-F-5-S1	V300088905	L1	23.2954	7.53
S_sarasinorum	family5	Ssar-B25-F-5-S1	V300088905	L2	23.1981	7.50
S_sarasinorum	family5	Ssar-B25-F-5-S1	V300088905	L3	23.1060	7.47
S_sarasinorum	family5	Ssar-B25-F-5-S1	V300088905	L4	23.7199	7.67
S_sarasinorum	family5	Ssar-B25-F-5-S1	V300088913	L1	25.6670	8.30
S_sarasinorum	family5	Ssar-B25-F-5-S1	V300088913	L2	25.6982	8.31
S_sarasinorum	family5	Ssar-B25-F-5-S1	V300088913	L3	25.7494	8.32
S_sarasinorum	family5	Ssar-B25-F-5-S1	V300088913	L4	25.4197	8.22
S_sarasinorum	family5	Ssar-B25-F-5-S1	TOTAL	TOTAL	195.8538	63.32
S_sarasinorum	family5	Ssar-B25-F-5-S2	V300088905	L1	24.5804	7.95
S_sarasinorum	family5	Ssar-B25-F-5-S2	V300088905	L2	24.4369	7.90
S_sarasinorum	family5	Ssar-B25-F-5-S2	V300088905	L3	24.4388	7.90
S_sarasinorum	family5	Ssar-B25-F-5-S2	V300088905	L4	25.1211	8.12
S_sarasinorum	family5	Ssar-B25-F-5-S2	V300088913	L1	27.0503	8.75
S_sarasinorum	family5	Ssar-B25-F-5-S2	V300088913	L2	27.0263	8.74
S_sarasinorum	family5	Ssar-B25-F-5-S2	V300088913	L3	27.0594	8.75
S_sarasinorum	family5	Ssar-B25-F-5-S2	V300088913	L4	26.7657	8.65
S_sarasinorum	family5	Ssar-B25-F-5-S2	TOTAL	TOTAL	206.4789	66.76
S_sarasinorum	family5	Ssar-B25-F-5-S3	V300088905	L1	26.5833	8.59
S_sarasinorum	family5	Ssar-B25-F-5-S3	V300088905	L2	26.4897	8.56
S_sarasinorum	family5	Ssar-B25-F-5-S3	V300088905	L3	26.2638	8.49
S_sarasinorum	family5	Ssar-B25-F-5-S3	V300088905	L4	27.2111	8.80
S_sarasinorum	family5	Ssar-B25-F-5-S3	V300088913	L1	28.8558	9.33
S_sarasinorum	family5	Ssar-B25-F-5-S3	V300088913	L2	28.9689	9.37
S_sarasinorum	family5	Ssar-B25-F-5-S3	V300088913	L3	28.9624	9.36
S_sarasinorum	family5	Ssar-B25-F-5-S3	V300088913	L4	28.5264	9.22
S_sarasinorum	family5	Ssar-B25-F-5-S3	TOTAL	TOTAL	221.8614	71.73
S_sarasinorum	family5	Ssar-B25-F-5-S4	V300088751	L1	37.4089	12.09
S_sarasinorum	family5	Ssar-B25-F-5-S4	V300088751	L2	38.0559	12.30
S_sarasinorum	family5	Ssar-B25-F-5-S4	V300088751	L3	39.0801	12.63
S_sarasinorum	family5	Ssar-B25-F-5-S4	V300088751	L4	38.2309	12.36
S_sarasinorum	family5	Ssar-B25-F-5-S4	V300088752	L1	38.8596	12.56
S_sarasinorum	family5	Ssar-B25-F-5-S4	V300088752	L2	38.4729	12.44
S_sarasinorum	family5	Ssar-B25-F-5-S4	TOTAL	TOTAL	230.1083	74.40
S_sarasinorum	family5	Ssar-B25-F-5-S5	V300088751	L1	35.6918	11.54
S_sarasinorum	family5	Ssar-B25-F-5-S5	V300088751	L2	36.2912	11.73
S_sarasinorum	family5	Ssar-B25-F-5-S5	V300088751	L3	36.4360	11.78
S_sarasinorum	family5	Ssar-B25-F-5-S5	V300088751	L4	36.2599	11.72
S_sarasinorum	family5	Ssar-B25-F-5-S5	V300088752	L1	36.1282	11.68
S_sarasinorum	family5	Ssar-B25-F-5-S5	V300088752	L2	36.1995	11.70
S_sarasinorum	family5	Ssar-B25-F-5-S5	TOTAL	TOTAL	217.0067	70.16
S_sarasinorum	family5	Ssar-B25-F-5-S6	V300088751	L1	42.1067	13.61
S_sarasinorum	family5	Ssar-B25-F-5-S6	V300088751	L2	42.8400	13.85
S_sarasinorum	family5	Ssar-B25-F-5-S6	V300088751	L3	43.3830	14.03
S_sarasinorum	family5	Ssar-B25-F-5-S6	V300088751	L4	42.5669	13.76
S_sarasinorum	family5	Ssar-B25-F-5-S6	V300088752	L1	42.7873	13.83
S_sarasinorum	family5	Ssar-B25-F-5-S6	V300088752	L2	42.4834	13.74
S_sarasinorum	family5	Ssar-B25-F-5-S6	TOTAL	TOTAL	256.1672	82.82
S_sarasinorum	family5	Ssar-B25-M	V300088307	L4	16.9099	5.47
S_sarasinorum	family5	Ssar-B25-M	V300088321	L1	15.6855	5.07
S_sarasinorum	family5	Ssar-B25-M	V300088321	L2	15.5306	5.02
S_sarasinorum	family5	Ssar-B25-M	V300088321	L3	14.3460	4.64
S_sarasinorum	family5	Ssar-B25-M	V300088752	L3	37.3412	12.07
S_sarasinorum	family5	Ssar-B25-M	V300088752	L4	39.0119	12.61
S_sarasinorum	family5	Ssar-B25-M	V300101732	L1	39.6564	12.82
S_sarasinorum	family5	Ssar-B25-M	V300101732	L2	39.9042	12.90
S_sarasinorum	family5	Ssar-B25-M	V300101732	L3	37.3593	12.08
S_sarasinorum	family5	Ssar-B25-M	V300101732	L4	38.0093	12.29
S_sarasinorum	family5	Ssar-B25-M	TOTAL	TOTAL	293.7544	94.97
S_tentoriicola	family1	81.F	DP8400011312BL	L01	129.1981	46.48
S_tentoriicola	family1	81.F	DP8400011737BL	L01	71.0670	25.57
S_tentoriicola	family1	81.F	TOTAL	TOTAL	200.2651	72.05
S_tentoriicola	family1	86.M	DP8400011312BL	L01	217.6833	78.32
S_tentoriicola	family1	86.M	TOTAL	TOTAL	217.6833	78.32
S_tentoriicola	family1	91.S1	DP8400011312BL	L01	211.3928	76.06
S_tentoriicola	family1	91.S1	TOTAL	TOTAL	211.3928	76.06
S_tentoriicola	family1	92.S2	DP8400011525TR	L01	264.0383	95.00
S_tentoriicola	family1	92.S2	TOTAL	TOTAL	264.0383	95.00
S_tentoriicola	family1	93.S3	DP8400011525TR	L01	332.8672	119.76
S_tentoriicola	family1	93.S3	TOTAL	TOTAL	332.8672	119.76
S_tentoriicola	family1	94.S4	DP8400011454TL	L01	268.6502	96.66
S_tentoriicola	family1	94.S4	TOTAL	TOTAL	268.6502	96.66
S_tentoriicola	family1	95.S5	DP8400011454TL	L01	291.3730	104.83
S_tentoriicola	family1	95.S5	TOTAL	TOTAL	291.3730	104.83
S_tentoriicola	family1	96.S6	DP8400011454TL	L01	307.2236	110.54
S_tentoriicola	family1	96.S6	TOTAL	TOTAL	307.2236	110.54
S_tentoriicola	family2	100.S4	DP8400011678BR	L01	277.8498	99.97
S_tentoriicola	family2	100.S4	TOTAL	TOTAL	277.8498	99.97
S_tentoriicola	family2	101.S5	DP8400011678BR	L01	284.3536	102.31
S_tentoriicola	family2	101.S5	TOTAL	TOTAL	284.3536	102.31
S_tentoriicola	family2	102.S6	DP8400011786TL	L01	304.9002	109.70
S_tentoriicola	family2	102.S6	TOTAL	TOTAL	304.9002	109.70
S_tentoriicola	family2	82.F	DP8400011312BL	L01	163.6817	58.89
S_tentoriicola	family2	82.F	DP8400011737BL	L01	39.6150	14.25
S_tentoriicola	family2	82.F	TOTAL	TOTAL	203.2967	73.14
S_tentoriicola	family2	87.M	DP8400011312BL	L01	194.9563	70.14
S_tentoriicola	family2	87.M	TOTAL	TOTAL	194.9563	70.14
S_tentoriicola	family2	97.S1	DP8400011454TL	L01	288.5434	103.82
S_tentoriicola	family2	97.S1	TOTAL	TOTAL	288.5434	103.82
S_tentoriicola	family2	98.S2	DP8400011678BR	L01	244.1661	87.85
S_tentoriicola	family2	98.S2	TOTAL	TOTAL	244.1661	87.85
S_tentoriicola	family2	99.S3	DP8400011678BR	L01	240.9146	86.68
S_tentoriicola	family2	99.S3	TOTAL	TOTAL	240.9146	86.68
S_tentoriicola	family3	103.S1	DP8400011678BR	L01	296.9691	106.85
S_tentoriicola	family3	103.S1	TOTAL	TOTAL	296.9691	106.85
S_tentoriicola	family3	104.S2	DP8400011678BR	L01	282.4602	101.63
S_tentoriicola	family3	104.S2	TOTAL	TOTAL	282.4602	101.63
S_tentoriicola	family3	105.S3	DP8400011786TL	L01	340.7416	122.60
S_tentoriicola	family3	105.S3	TOTAL	TOTAL	340.7416	122.60
S_tentoriicola	family3	106.S4	DP8400011454TL	L01	340.0264	122.34
S_tentoriicola	family3	106.S4	TOTAL	TOTAL	340.0264	122.34
S_tentoriicola	family3	107.S5	DP8400011516TR	L01	191.6699	68.96
S_tentoriicola	family3	107.S5	TOTAL	TOTAL	191.6699	68.96
S_tentoriicola	family3	108.S6	DP8400011679BR	L01	467.9393	168.36
S_tentoriicola	family3	108.S6	TOTAL	TOTAL	467.9393	168.36
S_tentoriicola	family3	83.F	DP8400011312BL	L01	187.9814	67.63
S_tentoriicola	family3	83.F	TOTAL	TOTAL	187.9814	67.63
S_tentoriicola	family3	88.M	DP8400011312BL	L01	202.4756	72.85
S_tentoriicola	family3	88.M	TOTAL	TOTAL	202.4756	72.85
S_tentoriicola	family4	109.S1	DP8400011679BR	L01	352.2533	126.74
S_tentoriicola	family4	109.S1	TOTAL	TOTAL	352.2533	126.74
S_tentoriicola	family4	110.S2	DP8400011679BR	L01	371.1408	133.53
S_tentoriicola	family4	110.S2	TOTAL	TOTAL	371.1408	133.53
S_tentoriicola	family4	111.S3	DP8400011679BR	L01	230.4955	82.93
S_tentoriicola	family4	111.S3	TOTAL	TOTAL	230.4955	82.93
S_tentoriicola	family4	112.S4	DP8400011679BR	L01	424.0942	152.59
S_tentoriicola	family4	112.S4	TOTAL	TOTAL	424.0942	152.59
S_tentoriicola	family4	113.S5	DP8400011786TL	L01	425.4162	153.06
S_tentoriicola	family4	113.S5	TOTAL	TOTAL	425.4162	153.06
S_tentoriicola	family4	114.S6	DP8400011679BR	L01	477.4610	171.79
S_tentoriicola	family4	114.S6	TOTAL	TOTAL	477.4610	171.79
S_tentoriicola	family4	84.F	DP8400011312BL	L01	182.5251	65.67
S_tentoriicola	family4	84.F	TOTAL	TOTAL	182.5251	65.67
S_tentoriicola	family4	89.M	DP8400011312BL	L01	211.5822	76.13
S_tentoriicola	family4	89.M	TOTAL	TOTAL	211.5822	76.13
S_tentoriicola	family5	115.S1	DP8400011679BR	L01	397.1918	142.91
S_tentoriicola	family5	115.S1	TOTAL	TOTAL	397.1918	142.91
S_tentoriicola	family5	116.S2	DP8400011376TR	L01	83.5135	30.05
S_tentoriicola	family5	116.S2	FP100001127TL	L01	166.6174	59.95
S_tentoriicola	family5	116.S2	TOTAL	TOTAL	250.1309	90.00
S_tentoriicola	family5	117.S3	DP8400011516TR	L01	205.8262	74.05
S_tentoriicola	family5	117.S3	TOTAL	TOTAL	205.8262	74.05
S_tentoriicola	family5	118.S4	FP100001127TL	L01	190.5755	68.57
S_tentoriicola	family5	118.S4	TOTAL	TOTAL	190.5755	68.57
S_tentoriicola	family5	119.S5	FP100001127TL	L01	212.0884	76.31
S_tentoriicola	family5	119.S5	TOTAL	TOTAL	212.0884	76.31
S_tentoriicola	family5	120.S6	DP8400011516TR	L01	197.6105	71.10
S_tentoriicola	family5	120.S6	TOTAL	TOTAL	197.6105	71.10
S_tentoriicola	family5	85.F	DP8400011312BL	L01	183.6076	66.06
S_tentoriicola	family5	85.F	TOTAL	TOTAL	183.6076	66.06
S_tentoriicola	family5	90.M	DP8400011312BL	L01	209.0304	75.21
S_tentoriicola	family5	90.M	TOTAL	TOTAL	209.0304	75.21
