species	mutation_type	context	sbs96_category	count	callable_sites
AFR	overall	NA	overall	1237	45561247530
AFR	C>A	ACA	A[C>A]A	26	1711249875
AFR	C>A	ACC	A[C>A]C	7	730580848
AFR	C>A	ACG	A[C>A]G	13	679861589
AFR	C>A	ACT	A[C>A]T	13	1421688134
AFR	C>A	CCA	C[C>A]A	23	959392605
AFR	C>A	CCC	C[C>A]C	7	546792644
AFR	C>A	CCG	C[C>A]G	5	422872753
AFR	C>A	CCT	C[C>A]T	6	845236048
AFR	C>A	GCA	G[C>A]A	19	1185132305
AFR	C>A	GCC	G[C>A]C	4	568686507
AFR	C>A	GCG	G[C>A]G	5	482872911
AFR	C>A	GCT	G[C>A]T	7	969164464
AFR	C>A	TCA	T[C>A]A	12	1643224664
AFR	C>A	TCC	T[C>A]C	6	928234270
AFR	C>A	TCG	T[C>A]G	4	754609235
AFR	C>A	TCT	T[C>A]T	15	1670876969
AFR	C>G	ACA	A[C>G]A	7	1711249875
AFR	C>G	ACC	A[C>G]C	4	730580848
AFR	C>G	ACG	A[C>G]G	2	679861589
AFR	C>G	ACT	A[C>G]T	5	1421688134
AFR	C>G	CCA	C[C>G]A	7	959392605
AFR	C>G	CCC	C[C>G]C	4	546792644
AFR	C>G	CCG	C[C>G]G	21	422872753
AFR	C>G	CCT	C[C>G]T	4	845236048
AFR	C>G	GCA	G[C>G]A	3	1185132305
AFR	C>G	GCC	G[C>G]C	12	568686507
AFR	C>G	GCG	G[C>G]G	8	482872911
AFR	C>G	GCT	G[C>G]T	0	969164464
AFR	C>G	TCA	T[C>G]A	12	1643224664
AFR	C>G	TCC	T[C>G]C	3	928234270
AFR	C>G	TCG	T[C>G]G	2	754609235
AFR	C>G	TCT	T[C>G]T	5	1670876969
AFR	C>T	ACA	A[C>T]A	46	1711249875
AFR	C>T	ACC	A[C>T]C	34	730580848
AFR	C>T	ACG	A[C>T]G	20	679861589
AFR	C>T	ACT	A[C>T]T	33	1421688134
AFR	C>T	CCA	C[C>T]A	27	959392605
AFR	C>T	CCC	C[C>T]C	25	546792644
AFR	C>T	CCG	C[C>T]G	20	422872753
AFR	C>T	CCT	C[C>T]T	35	845236048
AFR	C>T	GCA	G[C>T]A	36	1185132305
AFR	C>T	GCC	G[C>T]C	16	568686507
AFR	C>T	GCG	G[C>T]G	15	482872911
AFR	C>T	GCT	G[C>T]T	28	969164464
AFR	C>T	TCA	T[C>T]A	54	1643224664
AFR	C>T	TCC	T[C>T]C	41	928234270
AFR	C>T	TCG	T[C>T]G	38	754609235
AFR	C>T	TCT	T[C>T]T	58	1670876969
AFR	T>A	ATA	A[T>A]A	23	2618871397
AFR	T>A	ATC	A[T>A]C	5	1294246353
AFR	T>A	ATG	A[T>A]G	9	1655270414
AFR	T>A	ATT	A[T>A]T	24	3417859173
AFR	T>A	CTA	C[T>A]A	12	1117040995
AFR	T>A	CTC	C[T>A]C	7	873506365
AFR	T>A	CTG	C[T>A]G	1	1145807167
AFR	T>A	CTT	C[T>A]T	6	1770611412
AFR	T>A	GTA	G[T>A]A	9	1290479104
AFR	T>A	GTC	G[T>A]C	0	709443140
AFR	T>A	GTG	G[T>A]G	1	918835544
AFR	T>A	GTT	G[T>A]T	3	1624620642
AFR	T>A	TTA	T[T>A]A	19	2914257456
AFR	T>A	TTC	T[T>A]C	2	2119748493
AFR	T>A	TTG	T[T>A]G	3	1779084698
AFR	T>A	TTT	T[T>A]T	8	4791089356
AFR	T>C	ATA	A[T>C]A	11	2618871397
AFR	T>C	ATC	A[T>C]C	4	1294246353
AFR	T>C	ATG	A[T>C]G	6	1655270414
AFR	T>C	ATT	A[T>C]T	11	3417859173
AFR	T>C	CTA	C[T>C]A	3	1117040995
AFR	T>C	CTC	C[T>C]C	3	873506365
AFR	T>C	CTG	C[T>C]G	4	1145807167
AFR	T>C	CTT	C[T>C]T	17	1770611412
AFR	T>C	GTA	G[T>C]A	7	1290479104
AFR	T>C	GTC	G[T>C]C	4	709443140
AFR	T>C	GTG	G[T>C]G	6	918835544
AFR	T>C	GTT	G[T>C]T	12	1624620642
AFR	T>C	TTA	T[T>C]A	9	2914257456
AFR	T>C	TTC	T[T>C]C	25	2119748493
AFR	T>C	TTG	T[T>C]G	5	1779084698
AFR	T>C	TTT	T[T>C]T	15	4791089356
AFR	T>G	ATA	A[T>G]A	6	2618871397
AFR	T>G	ATC	A[T>G]C	2	1294246353
AFR	T>G	ATG	A[T>G]G	8	1655270414
AFR	T>G	ATT	A[T>G]T	12	3417859173
AFR	T>G	CTA	C[T>G]A	3	1117040995
AFR	T>G	CTC	C[T>G]C	7	873506365
AFR	T>G	CTG	C[T>G]G	7	1145807167
AFR	T>G	CTT	C[T>G]T	27	1770611412
AFR	T>G	GTA	G[T>G]A	2	1290479104
AFR	T>G	GTC	G[T>G]C	3	709443140
AFR	T>G	GTG	G[T>G]G	4	918835544
AFR	T>G	GTT	G[T>G]T	21	1624620642
AFR	T>G	TTA	T[T>G]A	5	2914257456
AFR	T>G	TTC	T[T>G]C	3	2119748493
AFR	T>G	TTG	T[T>G]G	18	1779084698
AFR	T>G	TTT	T[T>G]T	38	4791089356
BIC	overall	NA	overall	1679	79243824354
BIC	C>A	ACA	A[C>A]A	37	3010516766
BIC	C>A	ACC	A[C>A]C	11	1239821483
BIC	C>A	ACG	A[C>A]G	17	1097350627
BIC	C>A	ACT	A[C>A]T	26	2483497636
BIC	C>A	CCA	C[C>A]A	31	1641798456
BIC	C>A	CCC	C[C>A]C	8	870555213
BIC	C>A	CCG	C[C>A]G	6	666024254
BIC	C>A	CCT	C[C>A]T	11	1457635447
BIC	C>A	GCA	G[C>A]A	20	2028081609
BIC	C>A	GCC	G[C>A]C	3	921964762
BIC	C>A	GCG	G[C>A]G	5	741416985
BIC	C>A	GCT	G[C>A]T	11	1630990800
BIC	C>A	TCA	T[C>A]A	22	2884869798
BIC	C>A	TCC	T[C>A]C	4	1603671474
BIC	C>A	TCG	T[C>A]G	15	1204483063
BIC	C>A	TCT	T[C>A]T	24	2937877858
BIC	C>G	ACA	A[C>G]A	17	3010516766
BIC	C>G	ACC	A[C>G]C	3	1239821483
BIC	C>G	ACG	A[C>G]G	8	1097350627
BIC	C>G	ACT	A[C>G]T	9	2483497636
BIC	C>G	CCA	C[C>G]A	5	1641798456
BIC	C>G	CCC	C[C>G]C	4	870555213
BIC	C>G	CCG	C[C>G]G	28	666024254
BIC	C>G	CCT	C[C>G]T	9	1457635447
BIC	C>G	GCA	G[C>G]A	0	2028081609
BIC	C>G	GCC	G[C>G]C	21	921964762
BIC	C>G	GCG	G[C>G]G	14	741416985
BIC	C>G	GCT	G[C>G]T	8	1630990800
BIC	C>G	TCA	T[C>G]A	15	2884869798
BIC	C>G	TCC	T[C>G]C	3	1603671474
BIC	C>G	TCG	T[C>G]G	9	1204483063
BIC	C>G	TCT	T[C>G]T	12	2937877858
BIC	C>T	ACA	A[C>T]A	56	3010516766
BIC	C>T	ACC	A[C>T]C	18	1239821483
BIC	C>T	ACG	A[C>T]G	37	1097350627
BIC	C>T	ACT	A[C>T]T	28	2483497636
BIC	C>T	CCA	C[C>T]A	32	1641798456
BIC	C>T	CCC	C[C>T]C	24	870555213
BIC	C>T	CCG	C[C>T]G	18	666024254
BIC	C>T	CCT	C[C>T]T	42	1457635447
BIC	C>T	GCA	G[C>T]A	30	2028081609
BIC	C>T	GCC	G[C>T]C	12	921964762
BIC	C>T	GCG	G[C>T]G	18	741416985
BIC	C>T	GCT	G[C>T]T	18	1630990800
BIC	C>T	TCA	T[C>T]A	45	2884869798
BIC	C>T	TCC	T[C>T]C	42	1603671474
BIC	C>T	TCG	T[C>T]G	40	1204483063
BIC	C>T	TCT	T[C>T]T	52	2937877858
BIC	T>A	ATA	A[T>A]A	18	4730588051
BIC	T>A	ATC	A[T>A]C	11	2254492751
BIC	T>A	ATG	A[T>A]G	9	2963764726
BIC	T>A	ATT	A[T>A]T	41	6058547315
BIC	T>A	CTA	C[T>A]A	10	1970513778
BIC	T>A	CTC	C[T>A]C	7	1481572260
BIC	T>A	CTG	C[T>A]G	3	1941094430
BIC	T>A	CTT	C[T>A]T	16	3116820817
BIC	T>A	GTA	G[T>A]A	16	2264138000
BIC	T>A	GTC	G[T>A]C	5	1200887984
BIC	T>A	GTG	G[T>A]G	6	1565370060
BIC	T>A	GTT	G[T>A]T	16	2800790159
BIC	T>A	TTA	T[T>A]A	27	5187170149
BIC	T>A	TTC	T[T>A]C	6	3693948754
BIC	T>A	TTG	T[T>A]G	8	3095036852
BIC	T>A	TTT	T[T>A]T	25	8498532037
BIC	T>C	ATA	A[T>C]A	24	4730588051
BIC	T>C	ATC	A[T>C]C	15	2254492751
BIC	T>C	ATG	A[T>C]G	16	2963764726
BIC	T>C	ATT	A[T>C]T	42	6058547315
BIC	T>C	CTA	C[T>C]A	12	1970513778
BIC	T>C	CTC	C[T>C]C	10	1481572260
BIC	T>C	CTG	C[T>C]G	11	1941094430
BIC	T>C	CTT	C[T>C]T	31	3116820817
BIC	T>C	GTA	G[T>C]A	14	2264138000
BIC	T>C	GTC	G[T>C]C	5	1200887984
BIC	T>C	GTG	G[T>C]G	6	1565370060
BIC	T>C	GTT	G[T>C]T	15	2800790159
BIC	T>C	TTA	T[T>C]A	20	5187170149
BIC	T>C	TTC	T[T>C]C	39	3693948754
BIC	T>C	TTG	T[T>C]G	11	3095036852
BIC	T>C	TTT	T[T>C]T	23	8498532037
BIC	T>G	ATA	A[T>G]A	12	4730588051
BIC	T>G	ATC	A[T>G]C	6	2254492751
BIC	T>G	ATG	A[T>G]G	12	2963764726
BIC	T>G	ATT	A[T>G]T	20	6058547315
BIC	T>G	CTA	C[T>G]A	9	1970513778
BIC	T>G	CTC	C[T>G]C	6	1481572260
BIC	T>G	CTG	C[T>G]G	14	1941094430
BIC	T>G	CTT	C[T>G]T	35	3116820817
BIC	T>G	GTA	G[T>G]A	3	2264138000
BIC	T>G	GTC	G[T>G]C	4	1200887984
BIC	T>G	GTG	G[T>G]G	11	1565370060
BIC	T>G	GTT	G[T>G]T	23	2800790159
BIC	T>G	TTA	T[T>G]A	13	5187170149
BIC	T>G	TTC	T[T>G]C	10	3693948754
BIC	T>G	TTG	T[T>G]G	21	3095036852
BIC	T>G	TTT	T[T>G]T	34	8498532037
DUM	overall	NA	overall	249	54147318556
DUM	C>A	ACA	A[C>A]A	3	1977263218
DUM	C>A	ACC	A[C>A]C	4	826902238
DUM	C>A	ACG	A[C>A]G	2	819909699
DUM	C>A	ACT	A[C>A]T	1	1742339870
DUM	C>A	CCA	C[C>A]A	1	1103360872
DUM	C>A	CCC	C[C>A]C	2	726336250
DUM	C>A	CCG	C[C>A]G	0	491570386
DUM	C>A	CCT	C[C>A]T	3	1013565730
DUM	C>A	GCA	G[C>A]A	3	1336766641
DUM	C>A	GCC	G[C>A]C	1	682493068
DUM	C>A	GCG	G[C>A]G	0	585654990
DUM	C>A	GCT	G[C>A]T	3	1079862844
DUM	C>A	TCA	T[C>A]A	3	1910997333
DUM	C>A	TCC	T[C>A]C	1	1099100362
DUM	C>A	TCG	T[C>A]G	1	953043262
DUM	C>A	TCT	T[C>A]T	1	2018315733
DUM	C>G	ACA	A[C>G]A	1	1977263218
DUM	C>G	ACC	A[C>G]C	1	826902238
DUM	C>G	ACG	A[C>G]G	0	819909699
DUM	C>G	ACT	A[C>G]T	1	1742339870
DUM	C>G	CCA	C[C>G]A	1	1103360872
DUM	C>G	CCC	C[C>G]C	0	726336250
DUM	C>G	CCG	C[C>G]G	5	491570386
DUM	C>G	CCT	C[C>G]T	0	1013565730
DUM	C>G	GCA	G[C>G]A	2	1336766641
DUM	C>G	GCC	G[C>G]C	7	682493068
DUM	C>G	GCG	G[C>G]G	2	585654990
DUM	C>G	GCT	G[C>G]T	1	1079862844
DUM	C>G	TCA	T[C>G]A	1	1910997333
DUM	C>G	TCC	T[C>G]C	1	1099100362
DUM	C>G	TCG	T[C>G]G	2	953043262
DUM	C>G	TCT	T[C>G]T	1	2018315733
DUM	C>T	ACA	A[C>T]A	8	1977263218
DUM	C>T	ACC	A[C>T]C	3	826902238
DUM	C>T	ACG	A[C>T]G	11	819909699
DUM	C>T	ACT	A[C>T]T	3	1742339870
DUM	C>T	CCA	C[C>T]A	5	1103360872
DUM	C>T	CCC	C[C>T]C	3	726336250
DUM	C>T	CCG	C[C>T]G	8	491570386
DUM	C>T	CCT	C[C>T]T	1	1013565730
DUM	C>T	GCA	G[C>T]A	4	1336766641
DUM	C>T	GCC	G[C>T]C	4	682493068
DUM	C>T	GCG	G[C>T]G	3	585654990
DUM	C>T	GCT	G[C>T]T	2	1079862844
DUM	C>T	TCA	T[C>T]A	8	1910997333
DUM	C>T	TCC	T[C>T]C	4	1099100362
DUM	C>T	TCG	T[C>T]G	8	953043262
DUM	C>T	TCT	T[C>T]T	5	2018315733
DUM	T>A	ATA	A[T>A]A	3	3087222951
DUM	T>A	ATC	A[T>A]C	2	1511870714
DUM	T>A	ATG	A[T>A]G	1	1938585343
DUM	T>A	ATT	A[T>A]T	6	4016422028
DUM	T>A	CTA	C[T>A]A	7	1364489889
DUM	T>A	CTC	C[T>A]C	0	1044033582
DUM	T>A	CTG	C[T>A]G	0	1262363215
DUM	T>A	CTT	C[T>A]T	1	2183197602
DUM	T>A	GTA	G[T>A]A	1	1503901102
DUM	T>A	GTC	G[T>A]C	1	869048213
DUM	T>A	GTG	G[T>A]G	0	1055981591
DUM	T>A	GTT	G[T>A]T	1	1937484812
DUM	T>A	TTA	T[T>A]A	4	3509146412
DUM	T>A	TTC	T[T>A]C	1	2556503044
DUM	T>A	TTG	T[T>A]G	1	2071457419
DUM	T>A	TTT	T[T>A]T	2	5868128143
DUM	T>C	ATA	A[T>C]A	5	3087222951
DUM	T>C	ATC	A[T>C]C	3	1511870714
DUM	T>C	ATG	A[T>C]G	3	1938585343
DUM	T>C	ATT	A[T>C]T	5	4016422028
DUM	T>C	CTA	C[T>C]A	2	1364489889
DUM	T>C	CTC	C[T>C]C	0	1044033582
DUM	T>C	CTG	C[T>C]G	0	1262363215
DUM	T>C	CTT	C[T>C]T	11	2183197602
DUM	T>C	GTA	G[T>C]A	2	1503901102
DUM	T>C	GTC	G[T>C]C	0	869048213
DUM	T>C	GTG	G[T>C]G	2	1055981591
DUM	T>C	GTT	G[T>C]T	3	1937484812
DUM	T>C	TTA	T[T>C]A	3	3509146412
DUM	T>C	TTC	T[T>C]C	6	2556503044
DUM	T>C	TTG	T[T>C]G	4	2071457419
DUM	T>C	TTT	T[T>C]T	10	5868128143
DUM	T>G	ATA	A[T>G]A	0	3087222951
DUM	T>G	ATC	A[T>G]C	3	1511870714
DUM	T>G	ATG	A[T>G]G	0	1938585343
DUM	T>G	ATT	A[T>G]T	1	4016422028
DUM	T>G	CTA	C[T>G]A	1	1364489889
DUM	T>G	CTC	C[T>G]C	0	1044033582
DUM	T>G	CTG	C[T>G]G	1	1262363215
DUM	T>G	CTT	C[T>G]T	2	2183197602
DUM	T>G	GTA	G[T>G]A	0	1503901102
DUM	T>G	GTC	G[T>G]C	2	869048213
DUM	T>G	GTG	G[T>G]G	1	1055981591
DUM	T>G	GTT	G[T>G]T	1	1937484812
DUM	T>G	TTA	T[T>G]A	5	3509146412
DUM	T>G	TTC	T[T>G]C	0	2556503044
DUM	T>G	TTG	T[T>G]G	3	2071457419
DUM	T>G	TTT	T[T>G]T	4	5868128143
LIN	overall	NA	overall	1095	70969352374
LIN	C>A	ACA	A[C>A]A	18	2707273492
LIN	C>A	ACC	A[C>A]C	10	1066999358
LIN	C>A	ACG	A[C>A]G	10	960685489
LIN	C>A	ACT	A[C>A]T	14	2231219967
LIN	C>A	CCA	C[C>A]A	23	1461039367
LIN	C>A	CCC	C[C>A]C	8	783715413
LIN	C>A	CCG	C[C>A]G	3	585583100
LIN	C>A	CCT	C[C>A]T	9	1291395588
LIN	C>A	GCA	G[C>A]A	19	1831028234
LIN	C>A	GCC	G[C>A]C	3	863543291
LIN	C>A	GCG	G[C>A]G	4	650393178
LIN	C>A	GCT	G[C>A]T	7	1516446936
LIN	C>A	TCA	T[C>A]A	8	2570856000
LIN	C>A	TCC	T[C>A]C	8	1407474253
LIN	C>A	TCG	T[C>A]G	6	1065154026
LIN	C>A	TCT	T[C>A]T	8	2608116977
LIN	C>G	ACA	A[C>G]A	7	2707273492
LIN	C>G	ACC	A[C>G]C	1	1066999358
LIN	C>G	ACG	A[C>G]G	2	960685489
LIN	C>G	ACT	A[C>G]T	5	2231219967
LIN	C>G	CCA	C[C>G]A	5	1461039367
LIN	C>G	CCC	C[C>G]C	3	783715413
LIN	C>G	CCG	C[C>G]G	36	585583100
LIN	C>G	CCT	C[C>G]T	2	1291395588
LIN	C>G	GCA	G[C>G]A	3	1831028234
LIN	C>G	GCC	G[C>G]C	17	863543291
LIN	C>G	GCG	G[C>G]G	5	650393178
LIN	C>G	GCT	G[C>G]T	2	1516446936
LIN	C>G	TCA	T[C>G]A	3	2570856000
LIN	C>G	TCC	T[C>G]C	3	1407474253
LIN	C>G	TCG	T[C>G]G	1	1065154026
LIN	C>G	TCT	T[C>G]T	7	2608116977
LIN	C>T	ACA	A[C>T]A	20	2707273492
LIN	C>T	ACC	A[C>T]C	9	1066999358
LIN	C>T	ACG	A[C>T]G	20	960685489
LIN	C>T	ACT	A[C>T]T	11	2231219967
LIN	C>T	CCA	C[C>T]A	22	1461039367
LIN	C>T	CCC	C[C>T]C	7	783715413
LIN	C>T	CCG	C[C>T]G	7	585583100
LIN	C>T	CCT	C[C>T]T	20	1291395588
LIN	C>T	GCA	G[C>T]A	35	1831028234
LIN	C>T	GCC	G[C>T]C	13	863543291
LIN	C>T	GCG	G[C>T]G	7	650393178
LIN	C>T	GCT	G[C>T]T	11	1516446936
LIN	C>T	TCA	T[C>T]A	33	2570856000
LIN	C>T	TCC	T[C>T]C	29	1407474253
LIN	C>T	TCG	T[C>T]G	17	1065154026
LIN	C>T	TCT	T[C>T]T	19	2608116977
LIN	T>A	ATA	A[T>A]A	23	4332027768
LIN	T>A	ATC	A[T>A]C	13	2004626836
LIN	T>A	ATG	A[T>A]G	1	2655727831
LIN	T>A	ATT	A[T>A]T	28	5469418731
LIN	T>A	CTA	C[T>A]A	18	1799482613
LIN	T>A	CTC	C[T>A]C	3	1325321187
LIN	T>A	CTG	C[T>A]G	6	1770984610
LIN	T>A	CTT	C[T>A]T	16	2751388990
LIN	T>A	GTA	G[T>A]A	9	2038190010
LIN	T>A	GTC	G[T>A]C	1	1038553531
LIN	T>A	GTG	G[T>A]G	2	1420292809
LIN	T>A	GTT	G[T>A]T	5	2469143184
LIN	T>A	TTA	T[T>A]A	42	4683661103
LIN	T>A	TTC	T[T>A]C	8	3283100658
LIN	T>A	TTG	T[T>A]G	0	2723189214
LIN	T>A	TTT	T[T>A]T	17	7603318630
LIN	T>C	ATA	A[T>C]A	18	4332027768
LIN	T>C	ATC	A[T>C]C	5	2004626836
LIN	T>C	ATG	A[T>C]G	12	2655727831
LIN	T>C	ATT	A[T>C]T	16	5469418731
LIN	T>C	CTA	C[T>C]A	5	1799482613
LIN	T>C	CTC	C[T>C]C	9	1325321187
LIN	T>C	CTG	C[T>C]G	5	1770984610
LIN	T>C	CTT	C[T>C]T	53	2751388990
LIN	T>C	GTA	G[T>C]A	3	2038190010
LIN	T>C	GTC	G[T>C]C	5	1038553531
LIN	T>C	GTG	G[T>C]G	4	1420292809
LIN	T>C	GTT	G[T>C]T	12	2469143184
LIN	T>C	TTA	T[T>C]A	6	4683661103
LIN	T>C	TTC	T[T>C]C	39	3283100658
LIN	T>C	TTG	T[T>C]G	4	2723189214
LIN	T>C	TTT	T[T>C]T	22	7603318630
LIN	T>G	ATA	A[T>G]A	6	4332027768
LIN	T>G	ATC	A[T>G]C	7	2004626836
LIN	T>G	ATG	A[T>G]G	6	2655727831
LIN	T>G	ATT	A[T>G]T	12	5469418731
LIN	T>G	CTA	C[T>G]A	5	1799482613
LIN	T>G	CTC	C[T>G]C	3	1325321187
LIN	T>G	CTG	C[T>G]G	3	1770984610
LIN	T>G	CTT	C[T>G]T	13	2751388990
LIN	T>G	GTA	G[T>G]A	4	2038190010
LIN	T>G	GTC	G[T>G]C	1	1038553531
LIN	T>G	GTG	G[T>G]G	2	1420292809
LIN	T>G	GTT	G[T>G]T	20	2469143184
LIN	T>G	TTA	T[T>G]A	5	4683661103
LIN	T>G	TTC	T[T>G]C	4	3283100658
LIN	T>G	TTG	T[T>G]G	23	2723189214
LIN	T>G	TTT	T[T>G]T	31	7603318630
MIM	overall	NA	overall	1332	62189129495
MIM	C>A	ACA	A[C>A]A	31	2328407887
MIM	C>A	ACC	A[C>A]C	11	983181348
MIM	C>A	ACG	A[C>A]G	28	918148056
MIM	C>A	ACT	A[C>A]T	15	1947771652
MIM	C>A	CCA	C[C>A]A	23	1295725323
MIM	C>A	CCC	C[C>A]C	4	730734925
MIM	C>A	CCG	C[C>A]G	6	565828085
MIM	C>A	CCT	C[C>A]T	8	1155453086
MIM	C>A	GCA	G[C>A]A	33	1604670772
MIM	C>A	GCC	G[C>A]C	6	756204046
MIM	C>A	GCG	G[C>A]G	18	643718821
MIM	C>A	GCT	G[C>A]T	13	1330836686
MIM	C>A	TCA	T[C>A]A	16	2263466859
MIM	C>A	TCC	T[C>A]C	8	1277621645
MIM	C>A	TCG	T[C>A]G	12	1007938351
MIM	C>A	TCT	T[C>A]T	17	2306878789
MIM	C>G	ACA	A[C>G]A	13	2328407887
MIM	C>G	ACC	A[C>G]C	3	983181348
MIM	C>G	ACG	A[C>G]G	4	918148056
MIM	C>G	ACT	A[C>G]T	10	1947771652
MIM	C>G	CCA	C[C>G]A	8	1295725323
MIM	C>G	CCC	C[C>G]C	2	730734925
MIM	C>G	CCG	C[C>G]G	26	565828085
MIM	C>G	CCT	C[C>G]T	6	1155453086
MIM	C>G	GCA	G[C>G]A	4	1604670772
MIM	C>G	GCC	G[C>G]C	17	756204046
MIM	C>G	GCG	G[C>G]G	17	643718821
MIM	C>G	GCT	G[C>G]T	6	1330836686
MIM	C>G	TCA	T[C>G]A	11	2263466859
MIM	C>G	TCC	T[C>G]C	7	1277621645
MIM	C>G	TCG	T[C>G]G	3	1007938351
MIM	C>G	TCT	T[C>G]T	14	2306878789
MIM	C>T	ACA	A[C>T]A	22	2328407887
MIM	C>T	ACC	A[C>T]C	9	983181348
MIM	C>T	ACG	A[C>T]G	20	918148056
MIM	C>T	ACT	A[C>T]T	18	1947771652
MIM	C>T	CCA	C[C>T]A	10	1295725323
MIM	C>T	CCC	C[C>T]C	11	730734925
MIM	C>T	CCG	C[C>T]G	11	565828085
MIM	C>T	CCT	C[C>T]T	28	1155453086
MIM	C>T	GCA	G[C>T]A	13	1604670772
MIM	C>T	GCC	G[C>T]C	8	756204046
MIM	C>T	GCG	G[C>T]G	9	643718821
MIM	C>T	GCT	G[C>T]T	4	1330836686
MIM	C>T	TCA	T[C>T]A	30	2263466859
MIM	C>T	TCC	T[C>T]C	27	1277621645
MIM	C>T	TCG	T[C>T]G	19	1007938351
MIM	C>T	TCT	T[C>T]T	22	2306878789
MIM	T>A	ATA	A[T>A]A	25	3603226631
MIM	T>A	ATC	A[T>A]C	5	1758059638
MIM	T>A	ATG	A[T>A]G	9	2259073054
MIM	T>A	ATT	A[T>A]T	46	4671442727
MIM	T>A	CTA	C[T>A]A	23	1531669331
MIM	T>A	CTC	C[T>A]C	6	1200583634
MIM	T>A	CTG	C[T>A]G	6	1566216111
MIM	T>A	CTT	C[T>A]T	17	2442471262
MIM	T>A	GTA	G[T>A]A	15	1762207955
MIM	T>A	GTC	G[T>A]C	2	977714170
MIM	T>A	GTG	G[T>A]G	0	1235148535
MIM	T>A	GTT	G[T>A]T	5	2202437154
MIM	T>A	TTA	T[T>A]A	37	3964976048
MIM	T>A	TTC	T[T>A]C	5	2919546536
MIM	T>A	TTG	T[T>A]G	2	2431832904
MIM	T>A	TTT	T[T>A]T	10	6545937474
MIM	T>C	ATA	A[T>C]A	14	3603226631
MIM	T>C	ATC	A[T>C]C	16	1758059638
MIM	T>C	ATG	A[T>C]G	12	2259073054
MIM	T>C	ATT	A[T>C]T	23	4671442727
MIM	T>C	CTA	C[T>C]A	6	1531669331
MIM	T>C	CTC	C[T>C]C	11	1200583634
MIM	T>C	CTG	C[T>C]G	5	1566216111
MIM	T>C	CTT	C[T>C]T	71	2442471262
MIM	T>C	GTA	G[T>C]A	7	1762207955
MIM	T>C	GTC	G[T>C]C	4	977714170
MIM	T>C	GTG	G[T>C]G	4	1235148535
MIM	T>C	GTT	G[T>C]T	12	2202437154
MIM	T>C	TTA	T[T>C]A	11	3964976048
MIM	T>C	TTC	T[T>C]C	50	2919546536
MIM	T>C	TTG	T[T>C]G	8	2431832904
MIM	T>C	TTT	T[T>C]T	20	6545937474
MIM	T>G	ATA	A[T>G]A	11	3603226631
MIM	T>G	ATC	A[T>G]C	1	1758059638
MIM	T>G	ATG	A[T>G]G	10	2259073054
MIM	T>G	ATT	A[T>G]T	17	4671442727
MIM	T>G	CTA	C[T>G]A	10	1531669331
MIM	T>G	CTC	C[T>G]C	3	1200583634
MIM	T>G	CTG	C[T>G]G	2	1566216111
MIM	T>G	CTT	C[T>G]T	13	2442471262
MIM	T>G	GTA	G[T>G]A	5	1762207955
MIM	T>G	GTC	G[T>G]C	4	977714170
MIM	T>G	GTG	G[T>G]G	5	1235148535
MIM	T>G	GTT	G[T>G]T	23	2202437154
MIM	T>G	TTA	T[T>G]A	18	3964976048
MIM	T>G	TTC	T[T>G]C	11	2919546536
MIM	T>G	TTG	T[T>G]G	26	2431832904
MIM	T>G	TTT	T[T>G]T	25	6545937474
SAR	overall	NA	overall	276	67950504993
SAR	C>A	ACA	A[C>A]A	9	2525643460
SAR	C>A	ACC	A[C>A]C	0	1109538914
SAR	C>A	ACG	A[C>A]G	2	1028075042
SAR	C>A	ACT	A[C>A]T	1	2102845966
SAR	C>A	CCA	C[C>A]A	1	1456990045
SAR	C>A	CCC	C[C>A]C	2	841130013
SAR	C>A	CCG	C[C>A]G	2	641217132
SAR	C>A	CCT	C[C>A]T	3	1295460350
SAR	C>A	GCA	G[C>A]A	1	1719420335
SAR	C>A	GCC	G[C>A]C	2	834479970
SAR	C>A	GCG	G[C>A]G	0	705881173
SAR	C>A	GCT	G[C>A]T	0	1389835200
SAR	C>A	TCA	T[C>A]A	3	2447505079
SAR	C>A	TCC	T[C>A]C	1	1449646951
SAR	C>A	TCG	T[C>A]G	1	1110266588
SAR	C>A	TCT	T[C>A]T	4	2538172070
SAR	C>G	ACA	A[C>G]A	2	2525643460
SAR	C>G	ACC	A[C>G]C	0	1109538914
SAR	C>G	ACG	A[C>G]G	1	1028075042
SAR	C>G	ACT	A[C>G]T	2	2102845966
SAR	C>G	CCA	C[C>G]A	2	1456990045
SAR	C>G	CCC	C[C>G]C	0	841130013
SAR	C>G	CCG	C[C>G]G	3	641217132
SAR	C>G	CCT	C[C>G]T	1	1295460350
SAR	C>G	GCA	G[C>G]A	0	1719420335
SAR	C>G	GCC	G[C>G]C	6	834479970
SAR	C>G	GCG	G[C>G]G	3	705881173
SAR	C>G	GCT	G[C>G]T	0	1389835200
SAR	C>G	TCA	T[C>G]A	2	2447505079
SAR	C>G	TCC	T[C>G]C	2	1449646951
SAR	C>G	TCG	T[C>G]G	1	1110266588
SAR	C>G	TCT	T[C>G]T	2	2538172070
SAR	C>T	ACA	A[C>T]A	7	2525643460
SAR	C>T	ACC	A[C>T]C	2	1109538914
SAR	C>T	ACG	A[C>T]G	1	1028075042
SAR	C>T	ACT	A[C>T]T	0	2102845966
SAR	C>T	CCA	C[C>T]A	4	1456990045
SAR	C>T	CCC	C[C>T]C	1	841130013
SAR	C>T	CCG	C[C>T]G	2	641217132
SAR	C>T	CCT	C[C>T]T	3	1295460350
SAR	C>T	GCA	G[C>T]A	4	1719420335
SAR	C>T	GCC	G[C>T]C	4	834479970
SAR	C>T	GCG	G[C>T]G	1	705881173
SAR	C>T	GCT	G[C>T]T	0	1389835200
SAR	C>T	TCA	T[C>T]A	21	2447505079
SAR	C>T	TCC	T[C>T]C	2	1449646951
SAR	C>T	TCG	T[C>T]G	9	1110266588
SAR	C>T	TCT	T[C>T]T	3	2538172070
SAR	T>A	ATA	A[T>A]A	5	3938410417
SAR	T>A	ATC	A[T>A]C	3	1949464693
SAR	T>A	ATG	A[T>A]G	5	2496950902
SAR	T>A	ATT	A[T>A]T	2	5045700572
SAR	T>A	CTA	C[T>A]A	14	1659336859
SAR	T>A	CTC	C[T>A]C	2	1315347125
SAR	T>A	CTG	C[T>A]G	1	1679383970
SAR	T>A	CTT	C[T>A]T	3	2672246406
SAR	T>A	GTA	G[T>A]A	5	1938924048
SAR	T>A	GTC	G[T>A]C	1	1072659859
SAR	T>A	GTG	G[T>A]G	4	1341320236
SAR	T>A	GTT	G[T>A]T	4	2413198882
SAR	T>A	TTA	T[T>A]A	10	4291119278
SAR	T>A	TTC	T[T>A]C	1	3208115786
SAR	T>A	TTG	T[T>A]G	2	2631904987
SAR	T>A	TTT	T[T>A]T	1	7100312685
SAR	T>C	ATA	A[T>C]A	3	3938410417
SAR	T>C	ATC	A[T>C]C	0	1949464693
SAR	T>C	ATG	A[T>C]G	3	2496950902
SAR	T>C	ATT	A[T>C]T	2	5045700572
SAR	T>C	CTA	C[T>C]A	0	1659336859
SAR	T>C	CTC	C[T>C]C	0	1315347125
SAR	T>C	CTG	C[T>C]G	1	1679383970
SAR	T>C	CTT	C[T>C]T	12	2672246406
SAR	T>C	GTA	G[T>C]A	1	1938924048
SAR	T>C	GTC	G[T>C]C	0	1072659859
SAR	T>C	GTG	G[T>C]G	0	1341320236
SAR	T>C	GTT	G[T>C]T	1	2413198882
SAR	T>C	TTA	T[T>C]A	5	4291119278
SAR	T>C	TTC	T[T>C]C	5	3208115786
SAR	T>C	TTG	T[T>C]G	3	2631904987
SAR	T>C	TTT	T[T>C]T	10	7100312685
SAR	T>G	ATA	A[T>G]A	2	3938410417
SAR	T>G	ATC	A[T>G]C	2	1949464693
SAR	T>G	ATG	A[T>G]G	1	2496950902
SAR	T>G	ATT	A[T>G]T	0	5045700572
SAR	T>G	CTA	C[T>G]A	2	1659336859
SAR	T>G	CTC	C[T>G]C	2	1315347125
SAR	T>G	CTG	C[T>G]G	1	1679383970
SAR	T>G	CTT	C[T>G]T	8	2672246406
SAR	T>G	GTA	G[T>G]A	2	1938924048
SAR	T>G	GTC	G[T>G]C	1	1072659859
SAR	T>G	GTG	G[T>G]G	0	1341320236
SAR	T>G	GTT	G[T>G]T	3	2413198882
SAR	T>G	TTA	T[T>G]A	4	4291119278
SAR	T>G	TTC	T[T>G]C	1	3208115786
SAR	T>G	TTG	T[T>G]G	3	2631904987
SAR	T>G	TTT	T[T>G]T	12	7100312685
TEN	overall	NA	overall	1253	48593292692
TEN	C>A	ACA	A[C>A]A	30	1833129202
TEN	C>A	ACC	A[C>A]C	15	753419305
TEN	C>A	ACG	A[C>A]G	10	700228818
TEN	C>A	ACT	A[C>A]T	18	1508092268
TEN	C>A	CCA	C[C>A]A	17	1003493082
TEN	C>A	CCC	C[C>A]C	8	534289418
TEN	C>A	CCG	C[C>A]G	6	427059289
TEN	C>A	CCT	C[C>A]T	9	888823354
TEN	C>A	GCA	G[C>A]A	16	1224393576
TEN	C>A	GCC	G[C>A]C	5	576916205
TEN	C>A	GCG	G[C>A]G	9	482041449
TEN	C>A	GCT	G[C>A]T	6	992201248
TEN	C>A	TCA	T[C>A]A	29	1742697243
TEN	C>A	TCC	T[C>A]C	10	989040508
TEN	C>A	TCG	T[C>A]G	7	763831309
TEN	C>A	TCT	T[C>A]T	32	1780252413
TEN	C>G	ACA	A[C>G]A	8	1833129202
TEN	C>G	ACC	A[C>G]C	5	753419305
TEN	C>G	ACG	A[C>G]G	3	700228818
TEN	C>G	ACT	A[C>G]T	8	1508092268
TEN	C>G	CCA	C[C>G]A	6	1003493082
TEN	C>G	CCC	C[C>G]C	2	534289418
TEN	C>G	CCG	C[C>G]G	29	427059289
TEN	C>G	CCT	C[C>G]T	0	888823354
TEN	C>G	GCA	G[C>G]A	7	1224393576
TEN	C>G	GCC	G[C>G]C	15	576916205
TEN	C>G	GCG	G[C>G]G	10	482041449
TEN	C>G	GCT	G[C>G]T	5	992201248
TEN	C>G	TCA	T[C>G]A	11	1742697243
TEN	C>G	TCC	T[C>G]C	3	989040508
TEN	C>G	TCG	T[C>G]G	4	763831309
TEN	C>G	TCT	T[C>G]T	21	1780252413
TEN	C>T	ACA	A[C>T]A	22	1833129202
TEN	C>T	ACC	A[C>T]C	9	753419305
TEN	C>T	ACG	A[C>T]G	16	700228818
TEN	C>T	ACT	A[C>T]T	12	1508092268
TEN	C>T	CCA	C[C>T]A	25	1003493082
TEN	C>T	CCC	C[C>T]C	16	534289418
TEN	C>T	CCG	C[C>T]G	11	427059289
TEN	C>T	CCT	C[C>T]T	25	888823354
TEN	C>T	GCA	G[C>T]A	24	1224393576
TEN	C>T	GCC	G[C>T]C	15	576916205
TEN	C>T	GCG	G[C>T]G	18	482041449
TEN	C>T	GCT	G[C>T]T	7	992201248
TEN	C>T	TCA	T[C>T]A	36	1742697243
TEN	C>T	TCC	T[C>T]C	31	989040508
TEN	C>T	TCG	T[C>T]G	32	763831309
TEN	C>T	TCT	T[C>T]T	26	1780252413
TEN	T>A	ATA	A[T>A]A	25	2898334110
TEN	T>A	ATC	A[T>A]C	6	1377425438
TEN	T>A	ATG	A[T>A]G	6	1791591957
TEN	T>A	ATT	A[T>A]T	28	3705278156
TEN	T>A	CTA	C[T>A]A	26	1205593886
TEN	T>A	CTC	C[T>A]C	5	906167842
TEN	T>A	CTG	C[T>A]G	8	1161939396
TEN	T>A	CTT	C[T>A]T	10	1895666098
TEN	T>A	GTA	G[T>A]A	30	1380715958
TEN	T>A	GTC	G[T>A]C	2	732971125
TEN	T>A	GTG	G[T>A]G	5	952824523
TEN	T>A	GTT	G[T>A]T	10	1728356767
TEN	T>A	TTA	T[T>A]A	26	3172687604
TEN	T>A	TTC	T[T>A]C	4	2259257838
TEN	T>A	TTG	T[T>A]G	9	1897356533
TEN	T>A	TTT	T[T>A]T	5	5327216774
TEN	T>C	ATA	A[T>C]A	15	2898334110
TEN	T>C	ATC	A[T>C]C	10	1377425438
TEN	T>C	ATG	A[T>C]G	6	1791591957
TEN	T>C	ATT	A[T>C]T	15	3705278156
TEN	T>C	CTA	C[T>C]A	4	1205593886
TEN	T>C	CTC	C[T>C]C	6	906167842
TEN	T>C	CTG	C[T>C]G	6	1161939396
TEN	T>C	CTT	C[T>C]T	55	1895666098
TEN	T>C	GTA	G[T>C]A	4	1380715958
TEN	T>C	GTC	G[T>C]C	2	732971125
TEN	T>C	GTG	G[T>C]G	4	952824523
TEN	T>C	GTT	G[T>C]T	7	1728356767
TEN	T>C	TTA	T[T>C]A	14	3172687604
TEN	T>C	TTC	T[T>C]C	34	2259257838
TEN	T>C	TTG	T[T>C]G	4	1897356533
TEN	T>C	TTT	T[T>C]T	16	5327216774
TEN	T>G	ATA	A[T>G]A	12	2898334110
TEN	T>G	ATC	A[T>G]C	2	1377425438
TEN	T>G	ATG	A[T>G]G	6	1791591957
TEN	T>G	ATT	A[T>G]T	7	3705278156
TEN	T>G	CTA	C[T>G]A	4	1205593886
TEN	T>G	CTC	C[T>G]C	4	906167842
TEN	T>G	CTG	C[T>G]G	6	1161939396
TEN	T>G	CTT	C[T>G]T	20	1895666098
TEN	T>G	GTA	G[T>G]A	6	1380715958
TEN	T>G	GTC	G[T>G]C	3	732971125
TEN	T>G	GTG	G[T>G]G	5	952824523
TEN	T>G	GTT	G[T>G]T	31	1728356767
TEN	T>G	TTA	T[T>G]A	12	3172687604
TEN	T>G	TTC	T[T>G]C	2	2259257838
TEN	T>G	TTG	T[T>G]G	12	1897356533
TEN	T>G	TTT	T[T>G]T	25	5327216774
