species	mutation_type	context	count	fraction
AFR	C>A	ACA	13	0.00218966
AFR	C>A	ACC	36	0.00606367
AFR	C>A	ACG	36	0.00606367
AFR	C>A	ACT	37	0.0062321
AFR	C>A	CCA	67	0.0112852
AFR	C>A	CCC	41	0.00690584
AFR	C>A	CCG	31	0.00522149
AFR	C>A	CCT	50	0.00842176
AFR	C>A	GCA	64	0.0107799
AFR	C>A	GCC	27	0.00454775
AFR	C>A	GCG	41	0.00690584
AFR	C>A	GCT	36	0.00606367
AFR	C>A	TCA	49	0.00825333
AFR	C>A	TCC	39	0.00656897
AFR	C>A	TCG	50	0.00842176
AFR	C>A	TCT	143	0.0240862
AFR	C>G	ACA	46	0.00774802
AFR	C>G	ACC	21	0.00353714
AFR	C>G	ACG	19	0.00320027
AFR	C>G	ACT	29	0.00488462
AFR	C>G	CCA	23	0.00387401
AFR	C>G	CCC	11	0.00185279
AFR	C>G	CCG	49	0.00825333
AFR	C>G	CCT	16	0.00269496
AFR	C>G	GCA	20	0.0033687
AFR	C>G	GCC	27	0.00454775
AFR	C>G	GCG	0	0
AFR	C>G	GCT	11	0.00185279
AFR	C>G	TCA	60	0.0101061
AFR	C>G	TCC	18	0.00303183
AFR	C>G	TCG	20	0.0033687
AFR	C>G	TCT	43	0.00724272
AFR	C>T	ACA	406	0.0683847
AFR	C>T	ACC	132	0.0222335
AFR	C>T	ACG	160	0.0269496
AFR	C>T	ACT	171	0.0288024
AFR	C>T	CCA	159	0.0267812
AFR	C>T	CCC	84	0.0141486
AFR	C>T	CCG	102	0.0171804
AFR	C>T	CCT	101	0.017012
AFR	C>T	GCA	207	0.0348661
AFR	C>T	GCC	92	0.015496
AFR	C>T	GCG	126	0.0212228
AFR	C>T	GCT	130	0.0218966
AFR	C>T	TCA	221	0.0372242
AFR	C>T	TCC	122	0.0205491
AFR	C>T	TCG	140	0.0235809
AFR	C>T	TCT	12	0.00202122
AFR	T>A	ATA	25	0.00421088
AFR	T>A	ATC	43	0.00724272
AFR	T>A	ATG	49	0.00825333
AFR	T>A	ATT	112	0.0188647
AFR	T>A	CTA	40	0.00673741
AFR	T>A	CTC	32	0.00538993
AFR	T>A	CTG	27	0.00454775
AFR	T>A	CTT	22	0.00370558
AFR	T>A	GTA	39	0.00656897
AFR	T>A	GTC	13	0.00218966
AFR	T>A	GTG	38	0.00640054
AFR	T>A	GTT	12	0.00202122
AFR	T>A	TTA	90	0.0151592
AFR	T>A	TTC	18	0.00303183
AFR	T>A	TTG	23	0.00387401
AFR	T>A	TTT	42	0.00707428
AFR	T>C	ATA	157	0.0264443
AFR	T>C	ATC	50	0.00842176
AFR	T>C	ATG	89	0.0149907
AFR	T>C	ATT	93	0.0156645
AFR	T>C	CTA	39	0.00656897
AFR	T>C	CTC	3	0.000505306
AFR	T>C	CTG	29	0.00488462
AFR	T>C	CTT	51	0.0085902
AFR	T>C	GTA	65	0.0109483
AFR	T>C	GTC	38	0.00640054
AFR	T>C	GTG	84	0.0141486
AFR	T>C	GTT	57	0.00960081
AFR	T>C	TTA	54	0.0090955
AFR	T>C	TTC	50	0.00842176
AFR	T>C	TTG	52	0.00875863
AFR	T>C	TTT	77	0.0129695
AFR	T>G	ATA	164	0.0276234
AFR	T>G	ATC	85	0.014317
AFR	T>G	ATG	33	0.00555836
AFR	T>G	ATT	72	0.0121273
AFR	T>G	CTA	39	0.00656897
AFR	T>G	CTC	34	0.0057268
AFR	T>G	CTG	27	0.00454775
AFR	T>G	CTT	41	0.00690584
AFR	T>G	GTA	44	0.00741115
AFR	T>G	GTC	22	0.00370558
AFR	T>G	GTG	5	0.000842176
AFR	T>G	GTT	35	0.00589523
AFR	T>G	TTA	45	0.00757959
AFR	T>G	TTC	43	0.00724272
AFR	T>G	TTG	40	0.00673741
AFR	T>G	TTT	57	0.00960081
species	mutation_type	context	count	fraction
BIC	C>A	ACA	3	0.00116686
BIC	C>A	ACC	20	0.00777907
BIC	C>A	ACG	20	0.00777907
BIC	C>A	ACT	26	0.0101128
BIC	C>A	CCA	52	0.0202256
BIC	C>A	CCC	10	0.00388954
BIC	C>A	CCG	12	0.00466744
BIC	C>A	CCT	18	0.00700117
BIC	C>A	GCA	23	0.00894594
BIC	C>A	GCC	8	0.00311163
BIC	C>A	GCG	9	0.00350058
BIC	C>A	GCT	20	0.00777907
BIC	C>A	TCA	37	0.0143913
BIC	C>A	TCC	17	0.00661221
BIC	C>A	TCG	31	0.0120576
BIC	C>A	TCT	62	0.0241151
BIC	C>G	ACA	34	0.0132244
BIC	C>G	ACC	5	0.00194477
BIC	C>G	ACG	4	0.00155581
BIC	C>G	ACT	18	0.00700117
BIC	C>G	CCA	6	0.00233372
BIC	C>G	CCC	6	0.00233372
BIC	C>G	CCG	38	0.0147802
BIC	C>G	CCT	15	0.00583431
BIC	C>G	GCA	10	0.00388954
BIC	C>G	GCC	36	0.0140023
BIC	C>G	GCG	0	0
BIC	C>G	GCT	8	0.00311163
BIC	C>G	TCA	27	0.0105018
BIC	C>G	TCC	8	0.00311163
BIC	C>G	TCG	11	0.00427849
BIC	C>G	TCT	18	0.00700117
BIC	C>T	ACA	177	0.0688448
BIC	C>T	ACC	41	0.0159471
BIC	C>T	ACG	68	0.0264489
BIC	C>T	ACT	60	0.0233372
BIC	C>T	CCA	51	0.0198366
BIC	C>T	CCC	36	0.0140023
BIC	C>T	CCG	29	0.0112797
BIC	C>T	CCT	66	0.0256709
BIC	C>T	GCA	71	0.0276157
BIC	C>T	GCC	25	0.00972384
BIC	C>T	GCG	50	0.0194477
BIC	C>T	GCT	38	0.0147802
BIC	C>T	TCA	79	0.0307273
BIC	C>T	TCC	57	0.0221704
BIC	C>T	TCG	55	0.0213925
BIC	C>T	TCT	6	0.00233372
BIC	T>A	ATA	3	0.00116686
BIC	T>A	ATC	26	0.0101128
BIC	T>A	ATG	32	0.0124465
BIC	T>A	ATT	113	0.0439518
BIC	T>A	CTA	15	0.00583431
BIC	T>A	CTC	15	0.00583431
BIC	T>A	CTG	5	0.00194477
BIC	T>A	CTT	19	0.00739012
BIC	T>A	GTA	36	0.0140023
BIC	T>A	GTC	10	0.00388954
BIC	T>A	GTG	14	0.00544535
BIC	T>A	GTT	16	0.00622326
BIC	T>A	TTA	59	0.0229483
BIC	T>A	TTC	14	0.00544535
BIC	T>A	TTG	11	0.00427849
BIC	T>A	TTT	28	0.0108907
BIC	T>C	ATA	80	0.0311163
BIC	T>C	ATC	15	0.00583431
BIC	T>C	ATG	26	0.0101128
BIC	T>C	ATT	49	0.0190587
BIC	T>C	CTA	14	0.00544535
BIC	T>C	CTC	1	0.000388954
BIC	T>C	CTG	11	0.00427849
BIC	T>C	CTT	38	0.0147802
BIC	T>C	GTA	32	0.0124465
BIC	T>C	GTC	9	0.00350058
BIC	T>C	GTG	15	0.00583431
BIC	T>C	GTT	18	0.00700117
BIC	T>C	TTA	25	0.00972384
BIC	T>C	TTC	29	0.0112797
BIC	T>C	TTG	10	0.00388954
BIC	T>C	TTT	21	0.00816803
BIC	T>G	ATA	53	0.0206145
BIC	T>G	ATC	14	0.00544535
BIC	T>G	ATG	15	0.00583431
BIC	T>G	ATT	14	0.00544535
BIC	T>G	CTA	13	0.0050564
BIC	T>G	CTC	10	0.00388954
BIC	T>G	CTG	12	0.00466744
BIC	T>G	CTT	35	0.0136134
BIC	T>G	GTA	4	0.00155581
BIC	T>G	GTC	2	0.000777907
BIC	T>G	GTG	0	0
BIC	T>G	GTT	12	0.00466744
BIC	T>G	TTA	14	0.00544535
BIC	T>G	TTC	11	0.00427849
BIC	T>G	TTG	19	0.00739012
BIC	T>G	TTT	13	0.0050564
species	mutation_type	context	count	fraction
DUM	C>A	ACA	1	0.000338181
DUM	C>A	ACC	27	0.00913088
DUM	C>A	ACG	25	0.00845451
DUM	C>A	ACT	35	0.0118363
DUM	C>A	CCA	26	0.0087927
DUM	C>A	CCC	9	0.00304363
DUM	C>A	CCG	3	0.00101454
DUM	C>A	CCT	20	0.00676361
DUM	C>A	GCA	23	0.00777815
DUM	C>A	GCC	12	0.00405817
DUM	C>A	GCG	21	0.00710179
DUM	C>A	GCT	30	0.0101454
DUM	C>A	TCA	33	0.01116
DUM	C>A	TCC	13	0.00439635
DUM	C>A	TCG	22	0.00743997
DUM	C>A	TCT	78	0.0263781
DUM	C>G	ACA	28	0.00946906
DUM	C>G	ACC	10	0.00338181
DUM	C>G	ACG	12	0.00405817
DUM	C>G	ACT	24	0.00811633
DUM	C>G	CCA	17	0.00574907
DUM	C>G	CCC	7	0.00236726
DUM	C>G	CCG	30	0.0101454
DUM	C>G	CCT	13	0.00439635
DUM	C>G	GCA	12	0.00405817
DUM	C>G	GCC	12	0.00405817
DUM	C>G	GCG	0	0
DUM	C>G	GCT	7	0.00236726
DUM	C>G	TCA	35	0.0118363
DUM	C>G	TCC	14	0.00473453
DUM	C>G	TCG	7	0.00236726
DUM	C>G	TCT	33	0.01116
DUM	C>T	ACA	173	0.0585052
DUM	C>T	ACC	57	0.0192763
DUM	C>T	ACG	110	0.0371999
DUM	C>T	ACT	51	0.0172472
DUM	C>T	CCA	71	0.0240108
DUM	C>T	CCC	39	0.013189
DUM	C>T	CCG	47	0.0158945
DUM	C>T	CCT	46	0.0155563
DUM	C>T	GCA	96	0.0324653
DUM	C>T	GCC	46	0.0155563
DUM	C>T	GCG	61	0.020629
DUM	C>T	GCT	27	0.00913088
DUM	C>T	TCA	93	0.0314508
DUM	C>T	TCC	50	0.016909
DUM	C>T	TCG	69	0.0233345
DUM	C>T	TCT	6	0.00202908
DUM	T>A	ATA	7	0.00236726
DUM	T>A	ATC	11	0.00371999
DUM	T>A	ATG	16	0.00541089
DUM	T>A	ATT	58	0.0196145
DUM	T>A	CTA	26	0.0087927
DUM	T>A	CTC	17	0.00574907
DUM	T>A	CTG	13	0.00439635
DUM	T>A	CTT	18	0.00608725
DUM	T>A	GTA	26	0.0087927
DUM	T>A	GTC	12	0.00405817
DUM	T>A	GTG	14	0.00473453
DUM	T>A	GTT	7	0.00236726
DUM	T>A	TTA	30	0.0101454
DUM	T>A	TTC	17	0.00574907
DUM	T>A	TTG	9	0.00304363
DUM	T>A	TTT	22	0.00743997
DUM	T>C	ATA	122	0.041258
DUM	T>C	ATC	34	0.0114981
DUM	T>C	ATG	83	0.028069
DUM	T>C	ATT	73	0.0246872
DUM	T>C	CTA	26	0.0087927
DUM	T>C	CTC	2	0.000676361
DUM	T>C	CTG	36	0.0121745
DUM	T>C	CTT	73	0.0246872
DUM	T>C	GTA	50	0.016909
DUM	T>C	GTC	23	0.00777815
DUM	T>C	GTG	46	0.0155563
DUM	T>C	GTT	41	0.0138654
DUM	T>C	TTA	41	0.0138654
DUM	T>C	TTC	38	0.0128509
DUM	T>C	TTG	34	0.0114981
DUM	T>C	TTT	40	0.0135272
DUM	T>G	ATA	37	0.0125127
DUM	T>G	ATC	16	0.00541089
DUM	T>G	ATG	13	0.00439635
DUM	T>G	ATT	18	0.00608725
DUM	T>G	CTA	11	0.00371999
DUM	T>G	CTC	15	0.00507271
DUM	T>G	CTG	6	0.00202908
DUM	T>G	CTT	14	0.00473453
DUM	T>G	GTA	16	0.00541089
DUM	T>G	GTC	3	0.00101454
DUM	T>G	GTG	0	0
DUM	T>G	GTT	14	0.00473453
DUM	T>G	TTA	17	0.00574907
DUM	T>G	TTC	0	0
DUM	T>G	TTG	7	0.00236726
DUM	T>G	TTT	24	0.00811633
species	mutation_type	context	count	fraction
LIN	C>A	ACA	6	0.00263968
LIN	C>A	ACC	26	0.0114386
LIN	C>A	ACG	18	0.00791905
LIN	C>A	ACT	16	0.00703916
LIN	C>A	CCA	47	0.0206775
LIN	C>A	CCC	16	0.00703916
LIN	C>A	CCG	11	0.00483942
LIN	C>A	CCT	18	0.00791905
LIN	C>A	GCA	39	0.0171579
LIN	C>A	GCC	14	0.00615926
LIN	C>A	GCG	29	0.0127585
LIN	C>A	GCT	20	0.00879894
LIN	C>A	TCA	36	0.0158381
LIN	C>A	TCC	10	0.00439947
LIN	C>A	TCG	15	0.00659921
LIN	C>A	TCT	48	0.0211175
LIN	C>G	ACA	13	0.00571931
LIN	C>G	ACC	3	0.00131984
LIN	C>G	ACG	1	0.000439947
LIN	C>G	ACT	6	0.00263968
LIN	C>G	CCA	14	0.00615926
LIN	C>G	CCC	8	0.00351958
LIN	C>G	CCG	45	0.0197976
LIN	C>G	CCT	4	0.00175979
LIN	C>G	GCA	5	0.00219974
LIN	C>G	GCC	29	0.0127585
LIN	C>G	GCG	0	0
LIN	C>G	GCT	2	0.000879894
LIN	C>G	TCA	11	0.00483942
LIN	C>G	TCC	3	0.00131984
LIN	C>G	TCG	5	0.00219974
LIN	C>G	TCT	13	0.00571931
LIN	C>T	ACA	127	0.0558733
LIN	C>T	ACC	28	0.0123185
LIN	C>T	ACG	47	0.0206775
LIN	C>T	ACT	25	0.0109987
LIN	C>T	CCA	57	0.025077
LIN	C>T	CCC	32	0.0140783
LIN	C>T	CCG	23	0.0101188
LIN	C>T	CCT	61	0.0268368
LIN	C>T	GCA	82	0.0360757
LIN	C>T	GCC	31	0.0136384
LIN	C>T	GCG	35	0.0153982
LIN	C>T	GCT	18	0.00791905
LIN	C>T	TCA	93	0.0409151
LIN	C>T	TCC	50	0.0219974
LIN	C>T	TCG	55	0.0241971
LIN	C>T	TCT	1	0.000439947
LIN	T>A	ATA	4	0.00175979
LIN	T>A	ATC	13	0.00571931
LIN	T>A	ATG	31	0.0136384
LIN	T>A	ATT	89	0.0391553
LIN	T>A	CTA	45	0.0197976
LIN	T>A	CTC	12	0.00527937
LIN	T>A	CTG	8	0.00351958
LIN	T>A	CTT	13	0.00571931
LIN	T>A	GTA	24	0.0105587
LIN	T>A	GTC	5	0.00219974
LIN	T>A	GTG	12	0.00527937
LIN	T>A	GTT	9	0.00395952
LIN	T>A	TTA	35	0.0153982
LIN	T>A	TTC	9	0.00395952
LIN	T>A	TTG	3	0.00131984
LIN	T>A	TTT	19	0.008359
LIN	T>C	ATA	56	0.024637
LIN	T>C	ATC	10	0.00439947
LIN	T>C	ATG	27	0.0118786
LIN	T>C	ATT	36	0.0158381
LIN	T>C	CTA	12	0.00527937
LIN	T>C	CTC	1	0.000439947
LIN	T>C	CTG	6	0.00263968
LIN	T>C	CTT	117	0.0514738
LIN	T>C	GTA	17	0.0074791
LIN	T>C	GTC	9	0.00395952
LIN	T>C	GTG	14	0.00615926
LIN	T>C	GTT	16	0.00703916
LIN	T>C	TTA	9	0.00395952
LIN	T>C	TTC	36	0.0158381
LIN	T>C	TTG	15	0.00659921
LIN	T>C	TTT	58	0.0255169
LIN	T>G	ATA	38	0.016718
LIN	T>G	ATC	11	0.00483942
LIN	T>G	ATG	5	0.00219974
LIN	T>G	ATT	12	0.00527937
LIN	T>G	CTA	10	0.00439947
LIN	T>G	CTC	10	0.00439947
LIN	T>G	CTG	6	0.00263968
LIN	T>G	CTT	14	0.00615926
LIN	T>G	GTA	5	0.00219974
LIN	T>G	GTC	3	0.00131984
LIN	T>G	GTG	1	0.000439947
LIN	T>G	GTT	22	0.00967884
LIN	T>G	TTA	17	0.0074791
LIN	T>G	TTC	5	0.00219974
LIN	T>G	TTG	22	0.00967884
LIN	T>G	TTT	26	0.0114386
species	mutation_type	context	count	fraction
MIM	C>A	ACA	9	0.00393529
MIM	C>A	ACC	25	0.0109314
MIM	C>A	ACG	35	0.0153039
MIM	C>A	ACT	28	0.0122431
MIM	C>A	CCA	29	0.0126804
MIM	C>A	CCC	15	0.00655881
MIM	C>A	CCG	9	0.00393529
MIM	C>A	CCT	12	0.00524705
MIM	C>A	GCA	37	0.0161784
MIM	C>A	GCC	16	0.00699606
MIM	C>A	GCG	27	0.0118059
MIM	C>A	GCT	24	0.0104941
MIM	C>A	TCA	39	0.0170529
MIM	C>A	TCC	25	0.0109314
MIM	C>A	TCG	23	0.0100568
MIM	C>A	TCT	44	0.0192392
MIM	C>G	ACA	32	0.0139921
MIM	C>G	ACC	9	0.00393529
MIM	C>G	ACG	12	0.00524705
MIM	C>G	ACT	22	0.00961959
MIM	C>G	CCA	14	0.00612156
MIM	C>G	CCC	5	0.00218627
MIM	C>G	CCG	23	0.0100568
MIM	C>G	CCT	9	0.00393529
MIM	C>G	GCA	9	0.00393529
MIM	C>G	GCC	11	0.00480979
MIM	C>G	GCG	0	0
MIM	C>G	GCT	3	0.00131176
MIM	C>G	TCA	16	0.00699606
MIM	C>G	TCC	4	0.00174902
MIM	C>G	TCG	9	0.00393529
MIM	C>G	TCT	23	0.0100568
MIM	C>T	ACA	98	0.0428509
MIM	C>T	ACC	46	0.0201137
MIM	C>T	ACG	80	0.0349803
MIM	C>T	ACT	56	0.0244862
MIM	C>T	CCA	42	0.0183647
MIM	C>T	CCC	21	0.00918233
MIM	C>T	CCG	32	0.0139921
MIM	C>T	CCT	38	0.0166157
MIM	C>T	GCA	54	0.0236117
MIM	C>T	GCC	29	0.0126804
MIM	C>T	GCG	52	0.0227372
MIM	C>T	GCT	24	0.0104941
MIM	C>T	TCA	49	0.0214254
MIM	C>T	TCC	24	0.0104941
MIM	C>T	TCG	36	0.0157411
MIM	C>T	TCT	2	0.000874508
MIM	T>A	ATA	7	0.00306078
MIM	T>A	ATC	13	0.0056843
MIM	T>A	ATG	23	0.0100568
MIM	T>A	ATT	54	0.0236117
MIM	T>A	CTA	18	0.00787057
MIM	T>A	CTC	7	0.00306078
MIM	T>A	CTG	5	0.00218627
MIM	T>A	CTT	15	0.00655881
MIM	T>A	GTA	15	0.00655881
MIM	T>A	GTC	7	0.00306078
MIM	T>A	GTG	8	0.00349803
MIM	T>A	GTT	7	0.00306078
MIM	T>A	TTA	24	0.0104941
MIM	T>A	TTC	7	0.00306078
MIM	T>A	TTG	6	0.00262352
MIM	T>A	TTT	16	0.00699606
MIM	T>C	ATA	92	0.0402274
MIM	T>C	ATC	20	0.00874508
MIM	T>C	ATG	55	0.024049
MIM	T>C	ATT	59	0.025798
MIM	T>C	CTA	25	0.0109314
MIM	T>C	CTC	0	0
MIM	T>C	CTG	25	0.0109314
MIM	T>C	CTT	53	0.0231745
MIM	T>C	GTA	29	0.0126804
MIM	T>C	GTC	20	0.00874508
MIM	T>C	GTG	41	0.0179274
MIM	T>C	GTT	24	0.0104941
MIM	T>C	TTA	44	0.0192392
MIM	T>C	TTC	29	0.0126804
MIM	T>C	TTG	31	0.0135549
MIM	T>C	TTT	27	0.0118059
MIM	T>G	ATA	49	0.0214254
MIM	T>G	ATC	3	0.00131176
MIM	T>G	ATG	14	0.00612156
MIM	T>G	ATT	12	0.00524705
MIM	T>G	CTA	15	0.00655881
MIM	T>G	CTC	9	0.00393529
MIM	T>G	CTG	10	0.00437254
MIM	T>G	CTT	12	0.00524705
MIM	T>G	GTA	6	0.00262352
MIM	T>G	GTC	8	0.00349803
MIM	T>G	GTG	0	0
MIM	T>G	GTT	18	0.00787057
MIM	T>G	TTA	7	0.00306078
MIM	T>G	TTC	5	0.00218627
MIM	T>G	TTG	11	0.00480979
MIM	T>G	TTT	21	0.00918233
species	mutation_type	context	count	fraction
SAR	C>A	ACA	4	0.00202122
SAR	C>A	ACC	19	0.00960081
SAR	C>A	ACG	22	0.0111167
SAR	C>A	ACT	23	0.011622
SAR	C>A	CCA	21	0.0106114
SAR	C>A	CCC	14	0.00707428
SAR	C>A	CCG	12	0.00606367
SAR	C>A	CCT	15	0.00757959
SAR	C>A	GCA	30	0.0151592
SAR	C>A	GCC	14	0.00707428
SAR	C>A	GCG	30	0.0151592
SAR	C>A	GCT	20	0.0101061
SAR	C>A	TCA	42	0.0212228
SAR	C>A	TCC	18	0.0090955
SAR	C>A	TCG	17	0.0085902
SAR	C>A	TCT	28	0.0141486
SAR	C>G	ACA	14	0.00707428
SAR	C>G	ACC	13	0.00656897
SAR	C>G	ACG	4	0.00202122
SAR	C>G	ACT	6	0.00303183
SAR	C>G	CCA	14	0.00707428
SAR	C>G	CCC	6	0.00303183
SAR	C>G	CCG	18	0.0090955
SAR	C>G	CCT	4	0.00202122
SAR	C>G	GCA	3	0.00151592
SAR	C>G	GCC	18	0.0090955
SAR	C>G	GCG	0	0
SAR	C>G	GCT	4	0.00202122
SAR	C>G	TCA	15	0.00757959
SAR	C>G	TCC	9	0.00454775
SAR	C>G	TCG	3	0.00151592
SAR	C>G	TCT	18	0.0090955
SAR	C>T	ACA	115	0.0581102
SAR	C>T	ACC	22	0.0111167
SAR	C>T	ACG	29	0.0146539
SAR	C>T	ACT	15	0.00757959
SAR	C>T	CCA	50	0.0252653
SAR	C>T	CCC	27	0.0136433
SAR	C>T	CCG	19	0.00960081
SAR	C>T	CCT	29	0.0146539
SAR	C>T	GCA	46	0.0232441
SAR	C>T	GCC	18	0.0090955
SAR	C>T	GCG	29	0.0146539
SAR	C>T	GCT	26	0.0131379
SAR	C>T	TCA	89	0.0449722
SAR	C>T	TCC	32	0.0161698
SAR	C>T	TCG	58	0.0293077
SAR	C>T	TCT	6	0.00303183
SAR	T>A	ATA	11	0.00555836
SAR	T>A	ATC	34	0.0171804
SAR	T>A	ATG	21	0.0106114
SAR	T>A	ATT	47	0.0237494
SAR	T>A	CTA	67	0.0338555
SAR	T>A	CTC	14	0.00707428
SAR	T>A	CTG	7	0.00353714
SAR	T>A	CTT	7	0.00353714
SAR	T>A	GTA	49	0.02476
SAR	T>A	GTC	4	0.00202122
SAR	T>A	GTG	8	0.00404245
SAR	T>A	GTT	7	0.00353714
SAR	T>A	TTA	33	0.0166751
SAR	T>A	TTC	13	0.00656897
SAR	T>A	TTG	6	0.00303183
SAR	T>A	TTT	15	0.00757959
SAR	T>C	ATA	42	0.0212228
SAR	T>C	ATC	15	0.00757959
SAR	T>C	ATG	18	0.0090955
SAR	T>C	ATT	29	0.0146539
SAR	T>C	CTA	7	0.00353714
SAR	T>C	CTC	1	0.000505306
SAR	T>C	CTG	14	0.00707428
SAR	T>C	CTT	45	0.0227388
SAR	T>C	GTA	15	0.00757959
SAR	T>C	GTC	6	0.00303183
SAR	T>C	GTG	18	0.0090955
SAR	T>C	GTT	22	0.0111167
SAR	T>C	TTA	26	0.0131379
SAR	T>C	TTC	19	0.00960081
SAR	T>C	TTG	23	0.011622
SAR	T>C	TTT	56	0.0282971
SAR	T>G	ATA	46	0.0232441
SAR	T>G	ATC	15	0.00757959
SAR	T>G	ATG	9	0.00454775
SAR	T>G	ATT	19	0.00960081
SAR	T>G	CTA	13	0.00656897
SAR	T>G	CTC	8	0.00404245
SAR	T>G	CTG	2	0.00101061
SAR	T>G	CTT	12	0.00606367
SAR	T>G	GTA	14	0.00707428
SAR	T>G	GTC	3	0.00151592
SAR	T>G	GTG	0	0
SAR	T>G	GTT	10	0.00505306
SAR	T>G	TTA	12	0.00606367
SAR	T>G	TTC	7	0.00353714
SAR	T>G	TTG	8	0.00404245
SAR	T>G	TTT	14	0.00707428
species	mutation_type	context	count	fraction
TEN	C>A	ACA	13	0.00373027
TEN	C>A	ACC	40	0.0114778
TEN	C>A	ACG	36	0.01033
TEN	C>A	ACT	43	0.0123386
TEN	C>A	CCA	42	0.0120516
TEN	C>A	CCC	12	0.00344333
TEN	C>A	CCG	18	0.00516499
TEN	C>A	CCT	29	0.00832138
TEN	C>A	GCA	59	0.0169297
TEN	C>A	GCC	25	0.0071736
TEN	C>A	GCG	35	0.010043
TEN	C>A	GCT	36	0.01033
TEN	C>A	TCA	70	0.0200861
TEN	C>A	TCC	21	0.00602582
TEN	C>A	TCG	27	0.00774749
TEN	C>A	TCT	91	0.0261119
TEN	C>G	ACA	34	0.0097561
TEN	C>G	ACC	14	0.00401722
TEN	C>G	ACG	10	0.00286944
TEN	C>G	ACT	22	0.00631277
TEN	C>G	CCA	19	0.00545194
TEN	C>G	CCC	9	0.0025825
TEN	C>G	CCG	49	0.0140603
TEN	C>G	CCT	2	0.000573888
TEN	C>G	GCA	17	0.00487805
TEN	C>G	GCC	32	0.00918221
TEN	C>G	GCG	0	0
TEN	C>G	GCT	8	0.00229555
TEN	C>G	TCA	36	0.01033
TEN	C>G	TCC	12	0.00344333
TEN	C>G	TCG	8	0.00229555
TEN	C>G	TCT	44	0.0126255
TEN	C>T	ACA	190	0.0545194
TEN	C>T	ACC	31	0.00889527
TEN	C>T	ACG	89	0.025538
TEN	C>T	ACT	48	0.0137733
TEN	C>T	CCA	86	0.0246772
TEN	C>T	CCC	42	0.0120516
TEN	C>T	CCG	41	0.0117647
TEN	C>T	CCT	66	0.0189383
TEN	C>T	GCA	96	0.0275466
TEN	C>T	GCC	48	0.0137733
TEN	C>T	GCG	53	0.015208
TEN	C>T	GCT	37	0.0106169
TEN	C>T	TCA	130	0.0373027
TEN	C>T	TCC	72	0.02066
TEN	C>T	TCG	69	0.0197991
TEN	C>T	TCT	3	0.000860832
TEN	T>A	ATA	14	0.00401722
TEN	T>A	ATC	22	0.00631277
TEN	T>A	ATG	34	0.0097561
TEN	T>A	ATT	94	0.0269727
TEN	T>A	CTA	65	0.0186514
TEN	T>A	CTC	29	0.00832138
TEN	T>A	CTG	26	0.00746055
TEN	T>A	CTT	17	0.00487805
TEN	T>A	GTA	54	0.015495
TEN	T>A	GTC	12	0.00344333
TEN	T>A	GTG	12	0.00344333
TEN	T>A	GTT	14	0.00401722
TEN	T>A	TTA	54	0.015495
TEN	T>A	TTC	16	0.0045911
TEN	T>A	TTG	13	0.00373027
TEN	T>A	TTT	18	0.00516499
TEN	T>C	ATA	102	0.0292683
TEN	T>C	ATC	31	0.00889527
TEN	T>C	ATG	50	0.0143472
TEN	T>C	ATT	64	0.0183644
TEN	T>C	CTA	18	0.00516499
TEN	T>C	CTC	1	0.000286944
TEN	T>C	CTG	17	0.00487805
TEN	T>C	CTT	101	0.0289813
TEN	T>C	GTA	35	0.010043
TEN	T>C	GTC	25	0.0071736
TEN	T>C	GTG	29	0.00832138
TEN	T>C	GTT	30	0.00860832
TEN	T>C	TTA	26	0.00746055
TEN	T>C	TTC	57	0.0163558
TEN	T>C	TTG	29	0.00832138
TEN	T>C	TTT	46	0.0131994
TEN	T>G	ATA	59	0.0169297
TEN	T>G	ATC	16	0.0045911
TEN	T>G	ATG	13	0.00373027
TEN	T>G	ATT	22	0.00631277
TEN	T>G	CTA	16	0.0045911
TEN	T>G	CTC	15	0.00430416
TEN	T>G	CTG	11	0.00315638
TEN	T>G	CTT	25	0.0071736
TEN	T>G	GTA	10	0.00286944
TEN	T>G	GTC	9	0.0025825
TEN	T>G	GTG	1	0.000286944
TEN	T>G	GTT	31	0.00889527
TEN	T>G	TTA	25	0.0071736
TEN	T>G	TTC	12	0.00344333
TEN	T>G	TTG	24	0.00688666
TEN	T>G	TTT	27	0.00774749
